city,title,rent_type,district,sub_district,community,area_sqm,bedrooms,living_rooms,bathrooms,orientation,floor_level,total_floors,tags,platform,update_time,price_rmb
青岛,整租·花样年碧云湾一期 3室2厅 南,整租,胶州,上合,花样年碧云湾一期,98.27,3,2,1,南,低,18,官方核验|新上|精装,,,1200
青岛,独栋·龙湖冠寓 青岛正阳路国学公园店 【长租特惠】大房型仅1间 近万达家佳源 夜市 开间,独栋,,,,30.0,1,0,1,,,0,独栋公寓|月租|精装|押一付一,龙湖冠寓,4个月前维护,1050
青岛,整租·海尔地产中央花园 3室1厅 南,整租,即墨区,即墨创智新区,海尔地产中央花园,125.0,3,1,1,南,中,17,业主自荐|新上|精装|集中供暖,,1天前维护,1600
青岛,独栋·龙湖冠寓 青岛正阳路国学公园店 秋日特惠，长租最高优惠1000元，万达家佳源商圈，临近夜市，农大附近！ 开间,独栋,,,,24.07,1,0,1,,,0,独栋公寓|月租|精装|押一付一,龙湖冠寓,2个月前维护,1100
青岛,整租·天一镜台山三期曼莎 3室2厅 南/北,整租,黄岛,镜台山,天一镜台山三期曼莎,118.0,3,2,2,南 北,中,8,官方核验|精装|集中供暖|双卫生间|随时看房,,今天维护,1300
青岛,独栋·龙湖冠寓 青岛国家广告产业园二店 马年特价好房重磅来袭！数量有限先到先得！ 55平大户型 舒适空间享特价！品牌公寓 可月付 开间,独栋,,,,52.0,1,0,1,,,0,独栋公寓|精装|押一付一,龙湖冠寓,6天前维护,1250
青岛,整租·高投高新嘉园 2室2厅 南,整租,城阳,高新区,高投高新嘉园,85.62,2,2,1,南,低,14,新上|集中供暖|随时看房,,2天前维护,1200
青岛,独栋·龙湖冠寓 青岛正阳路国学公园店 【一月限时】 0中介费，短租特惠可月付 享折扣 近万达家佳源夜市  秒杀房 开间,独栋,,,,26.92,1,0,1,,,0,独栋公寓|月租|精装|押一付一,龙湖冠寓,7天前维护,750
青岛,整租·金都馨城B区 3室1厅 南,整租,胶州,阜安,金都馨城B区,88.6,3,1,1,南,高,6,新上|精装,,今天维护,450
青岛,独栋·龙湖冠寓 青岛国家广告产业园二店 【元旦专属特惠！】限时疯抢！学生/企客折上折！实习生首选，近商超，近国家广告产业园！无中介费！ 开间,独栋,,,,32.0,1,0,1,,,0,独栋公寓|精装|押一付一,龙湖冠寓,6天前维护,1200
青岛,整租·戴家府邸 2室1厅 南/北,整租,李沧,世园会,戴家府邸,81.62,2,1,1,南 北,低,16,新上|精装,链家,2天前维护,2500
青岛,独栋·龙湖冠寓 青岛国家广告产业园二店 双12，特惠8折房！超大户型长租超低价！签约立减500元 0中介费！先到先得 1室1厅,独栋,,,,70.0,1,1,1,,,0,独栋公寓|拎包入住|精装|有阳台|开放厨房|押一付一,龙湖冠寓,15天前维护,1880-2187
青岛,整租·绿地国科璟园 3室2厅 南,整租,城阳,白云山,绿地国科璟园,89.58,3,2,1,南,中,18,新上|精装,,1天前维护,1666
青岛,独栋·龙湖冠寓 青岛国家广告产业园二店 好房特价！限时福利，仅此两间，城阳冠寓，近世纪公园，长租可省800元，近万象汇商圈！学生特惠 开间,独栋,,,,35.0,1,0,1,,,0,独栋公寓|精装|开放厨房|押一付一,龙湖冠寓,6天前维护,1300
青岛,整租·青特赫山 3室1厅 南/西/北,整租,城阳,白云山,青特赫山,96.31,3,1,1,南 西 北,高,18,精装|集中供暖|随时看房,,今天维护,1800
青岛,整租·天一仁和智慧之城 2室2厅 南,整租,城阳,惜福镇,天一仁和智慧之城,79.0,2,2,1,南,高,26,精装|集中供暖|随时看房,,1天前维护,1300
青岛,整租·天泰城汉城区 4室2厅 南/北,整租,城阳,东方城西,天泰城汉城区,158.0,4,2,2,南 北,中,17,新上|精装|双卫生间|随时看房,,今天维护,1800
青岛,合租·中联依山伴城二期 4居室 南卧,合租,崂山,张村,中联依山伴城二期,20.0,4,1,1,南,中,28,新上|公寓|押一付一,明致公寓,1天前维护,1050
青岛,整租·融创青岛湾琴湾 1室1厅 复式 南/北,整租,即墨区,即墨蓝谷,融创青岛湾琴湾,39.78,1,1,1,南 北,高,13,官方核验|新上|近地铁|精装|集中供暖|随时看房,,2天前维护,750
青岛,整租·丽景苑(黄岛) 2室1厅 南,整租,黄岛,海西路,丽景苑(黄岛),81.0,2,1,1,南,低,7,集中供暖,,,700
青岛,整租·龙州花园 2室1厅 南/北,整租,胶州,阜安,龙州花园,80.0,2,1,1,南 北,高,6,精装|集中供暖,,,850
青岛,合租·瑞禾苑(海口路) 5居室 南卧,合租,市南,麦岛,瑞禾苑(海口路),15.0,5,1,1,南,高,6,公寓|近地铁|集中供暖|押一付一,明致公寓,4天前维护,650
青岛,整租·天一仁和智慧之城 2室1厅 南,整租,城阳,惜福镇,天一仁和智慧之城,77.38,2,1,1,南,高,23,官方核验|精装|集中供暖|随时看房,,,1300
青岛,合租·隆德路 3居室 南卧,合租,市南,大尧,隆德路,20.0,3,1,1,南,高,8,公寓|押一付一,明致公寓,7天前维护,900
青岛,整租·世贸商都 2室2厅 南/北,整租,即墨区,即墨和平,世贸商都,93.08,2,2,1,南 北,中,26,官方核验|精装|集中供暖|随时看房,,2天前维护,1235
青岛,合租·天山小区（旌德支路） 4居室 南卧,合租,市南,天山银海,天山小区（旌德支路）,20.0,4,1,1,南,高,7,公寓|押一付一,明致公寓,7天前维护,800
青岛,整租·锦都家园 3室2厅 南/西/北,整租,黄岛,薛家岛,锦都家园,131.93,3,2,2,南 西 北,中,29,官方核验|新上|近地铁|精装|集中供暖|双卫生间|随时看房,链家,2天前维护,2100
青岛,合租·锦园北区 4居室 南卧,合租,崂山,麦岛,锦园北区,15.0,4,1,2,南,低,7,新上|公寓|近地铁|集中供暖|押一付一,明致公寓,5天前维护,600
青岛,整租·中海清江华府 1室1厅 南,整租,市北,新都心,中海清江华府,59.0,1,1,1,南,低,11,新上|近地铁|精装|集中供暖,,1天前维护,3200
青岛,合租·福安小区 5居室 南卧,合租,市北,福安,福安小区,25.0,5,1,1,南,中,6,公寓|独立阳台|押一付一,明致公寓,7天前维护,1200
青岛,整租·凯旋花园 3室2厅 南,整租,胶州,阜安,凯旋花园,117.0,3,2,2,南,中,7,精装|集中供暖|双卫生间|随时看房,,4天前维护,1100
青岛,合租·银澳花园 5居室 南卧,合租,市南,奥帆中心,银澳花园,25.0,5,1,2,南,高,6,公寓|集中供暖|押一付一,明致公寓,7天前维护,950
青岛,整租·青特悦海府二期 3室2厅 南/北,整租,城阳,女姑,青特悦海府二期,89.0,3,2,1,南 北,低,28,集中供暖,,,1800
青岛,合租·新贵都二期 5居室 南卧,合租,市南,新贵都,新贵都二期,20.0,5,1,1,南,中,13,公寓|近地铁|集中供暖|押一付一,明致公寓,7天前维护,650
青岛,整租·千禧国际村二期 3室2厅 南,整租,城阳,惜福镇,千禧国际村二期,94.53,3,2,1,南,高,18,官方核验|新上|精装|集中供暖|随时看房,,2天前维护,1700
青岛,合租·青海路 3居室 南卧,合租,市北,信息城,青海路,15.0,3,0,1,南,中,5,公寓|月租|拎包入住|近地铁|精装|集中供暖|随时看房,可邻公寓,17天前维护,1200
青岛,整租·市政公寓 2室1厅 南,整租,市南,远洋广场,市政公寓,70.96,2,1,1,南,中,6,新上|近地铁|精装|集中供暖|随时看房,,1天前维护,2600
青岛,合租·贵合花园一期 5居室 南卧,合租,市南,闽江路,贵合花园一期,25.0,5,0,2,南,高,6,公寓|近地铁|集中供暖|押一付一,明致公寓,7天前维护,1000
青岛,整租·南营小区 2室1厅 南/北,整租,黄岛,金沙滩,南营小区,90.27,2,1,1,南 北,中,6,新上|精装|集中供暖,,1天前维护,1600
青岛,合租·福苑小区东区 5居室 南卧,合租,市南,远洋广场,福苑小区东区,25.0,5,1,1,南,高,7,公寓|近地铁|押一付一,明致公寓,7天前维护,1000
青岛,整租·南营小区 2室2厅 南,整租,黄岛,金沙滩,南营小区,87.91,2,2,1,南,中,6,精装|集中供暖|随时看房,链家,3天前维护,1400
青岛,合租·金岭新村 4居室 南卧,合租,崂山,崂山CBD,金岭新村,25.0,4,1,1,南,中,6,公寓|近地铁|集中供暖|押一付一,明致公寓,7天前维护,1000
青岛,整租·麦迪绅澎湃岛 1室1厅 西,整租,黄岛,积米崖,麦迪绅澎湃岛,57.26,1,1,1,西,低,20,业主自荐|近地铁|精装|集中供暖|随时看房,,2天前维护,1300
青岛,合租·海洋地质所 4居室 南卧,合租,市南,八大湖,海洋地质所,25.0,4,1,1,南,中,6,公寓|押一付一,明致公寓,7天前维护,1000
青岛,整租·海尔产城创御品华府熙园 2室2厅 南,整租,胶州,胶东空港商务区,海尔产城创御品华府熙园,80.43,2,2,1,南,高,7,精装|集中供暖,,1天前维护,1350
青岛,整租·联谊景尚名都 2室1厅 南/北,整租,胶州,胶东空港商务区,联谊景尚名都,85.12,2,1,1,南 北,中,6,官方核验|精装|集中供暖,,2天前维护,1100
青岛,整租·盛福山庄 2室1厅 南/北,整租,胶州,新城区,盛福山庄,92.13,2,1,1,南 北,低,7,集中供暖|随时看房,,,1000
青岛,合租·元顺和苑 5居室 南卧,合租,李沧,书院路,元顺和苑,20.0,5,1,1,南,高,6,公寓|近地铁|押一付一,明致公寓,7天前维护,600
青岛,整租·隆海碧海云天 2室1厅 南/北,整租,黄岛,龙湾,隆海碧海云天,80.28,2,1,1,南 北,中,11,精装|集中供暖|随时看房,,3天前维护,900
青岛,整租·南岛小镇高层区 3室2厅 南,整租,黄岛,银沙滩,南岛小镇高层区,120.43,3,2,1,南,低,33,集中供暖,,,1600
青岛,整租·金地康养智慧谷 2室2厅 南,整租,黄岛,西客站,金地康养智慧谷,78.0,2,2,1,南,高,16,集中供暖,,,650
青岛,合租·重庆南路25-39号 3居室 南卧,合租,市北,理工大学,重庆南路25-39号,25.0,3,1,1,南,高,7,公寓|近地铁|押一付一,明致公寓,7天前维护,750
青岛,整租·海延风景 2室1厅 南/北,整租,市南,福安,海延风景,82.68,2,1,1,南 北,高,11,精装|集中供暖|随时看房,链家,1天前维护,3300
青岛,合租·凯伦花园 5居室 南卧,合租,崂山,雕塑园,凯伦花园,15.0,5,1,1,南,高,6,公寓|近地铁|押一付一,明致公寓,7天前维护,700
青岛,整租·御景尚都一期 3室1厅 南/北,整租,城阳,白云山,御景尚都一期,116.3,3,1,2,南 北,低,6,精装|集中供暖|双卫生间|随时看房,,,2333
青岛,合租·闽江花园 4居室 南卧,合租,市南,远洋广场,闽江花园,20.0,4,1,1,南,中,7,公寓|近地铁|押一付一,明致公寓,2天前维护,1050
青岛,整租·东方至尊 4室2厅 南/北,整租,黄岛,海王路,东方至尊,184.66,4,2,2,南 北,低,33,精装|集中供暖|双卫生间,,,2600
青岛,合租·康储山庄 5居室 南卧,合租,市北,福安,康储山庄,20.0,5,1,1,南,高,7,公寓|近地铁|押一付一,明致公寓,7天前维护,700
青岛,整租·华航山海湖 2室2厅 南,整租,即墨区,即墨创智新区,华航山海湖,88.6,2,2,1,南,低,26,新上|精装,,2天前维护,1000
青岛,合租·金星花园 3居室 南卧,合租,市北,福安,金星花园,25.0,3,1,1,南,高,5,公寓|独立阳台|押一付一,明致公寓,7天前维护,900
青岛,整租·坤宇幸福花园 3室1厅 南/北,整租,黄岛,老城区,坤宇幸福花园,94.0,3,1,1,南 北,中,7,精装|集中供暖,,1天前维护,750
青岛,合租·延福花园 5居室 东北卧,合租,市南,福安,延福花园,20.0,5,1,2,东北,低,20,公寓|月租|拎包入住|近地铁|精装|集中供暖,海澜轩,6天前维护,700
青岛,整租·埠东佳苑 1室1厅 南,整租,崂山,国信体育场,埠东佳苑,115.39,1,1,1,南,高,30,官方核验|新上|近地铁|精装|集中供暖,,1天前维护,1630
青岛,合租·紫金花园 4居室 复式 东卧,合租,市北,中央CBD,紫金花园,25.0,4,2,2,东,高,8,新上|公寓|月租|拎包入住|近地铁|精装|集中供暖|押一付一,海澜轩,6天前维护,780
青岛,整租·江南花园 3室2厅 南,整租,即墨区,即墨城西,江南花园,109.0,3,2,1,南,中,5,新上|精装|集中供暖,,2天前维护,1750
青岛,合租·金柏小区 5居室 西南卧,合租,黄岛,黄岛区政府,金柏小区,18.0,5,1,1,西南,高,7,公寓|月租|近地铁|精装|独立阳台|集中供暖|押一付一|随时看房,华夏管家,2天前维护,590
青岛,整租·珠山路158号 2室1厅 南,整租,黄岛,老城区,珠山路158号,80.0,2,1,1,南,低,3,,,2天前维护,600
青岛,合租·江山丽城 4居室 东北卧,合租,黄岛,香江路,江山丽城,18.0,4,2,2,东北,中,31,公寓|月租|近地铁|精装|集中供暖|押一付一|随时看房,华夏管家,2天前维护,630
青岛,整租·凭海临风五期锦苑 3室2厅 南/北,整租,黄岛,两河,凭海临风五期锦苑,108.0,3,2,1,南 北,中,32,集中供暖|随时看房,链家,,1250
青岛,合租·环海花园北区 5居室 南卧,合租,市南,远洋广场,环海花园北区,20.0,5,1,1,南,中,7,公寓|近地铁|集中供暖|押一付一,明致公寓,7天前维护,650
青岛,整租·天一仁和智慧之城 2室1厅 南,整租,城阳,惜福镇,天一仁和智慧之城,73.72,2,1,1,南,中,18,精装|集中供暖,,,1400
青岛,合租·天虹花园 5居室 南卧,合租,市南,辛家庄,天虹花园,25.0,5,1,1,南,高,7,公寓|近地铁|押一付一,明致公寓,7天前维护,1000
青岛,整租·齐润金滩花园 2室1厅 南/北,整租,黄岛,香江路,齐润金滩花园,91.1,2,1,1,南 北,低,6,近地铁|集中供暖|随时看房,,5天前维护,1880
青岛,合租·越秀星汇蓝湾北区 4居室 南卧,合租,李沧,沧口公园,越秀星汇蓝湾北区,25.0,4,1,1,南,高,29,新上|公寓|近地铁|押一付一,明致公寓,5天前维护,1000
青岛,合租·泰和郡五期 5居室 北卧,合租,城阳,东方城东,泰和郡五期,9.0,5,1,2,北,高,11,官方核验|随时看房,,3天前维护,650
青岛,整租·水悦城 1室0厅 南,整租,城阳,城阳实验二小,水悦城,61.89,1,0,0,南,低,8,集中供暖,,,2200
青岛,整租·太行山路社区 2室1厅 南,整租,黄岛,天泰,太行山路社区,82.15,2,1,1,南,高,6,官方核验|近地铁|集中供暖|随时看房,,,1300
青岛,合租·闽江花园 5居室 南卧,合租,市南,远洋广场,闽江花园,15.0,5,1,1,南,中,7,新上|公寓|近地铁|集中供暖|押一付一,明致公寓,5天前维护,700
青岛,整租·银盛泰嘉富丽苑 3室2厅 南,整租,城阳,白云山,银盛泰嘉富丽苑,102.0,3,2,1,南,中,17,精装|集中供暖,,5天前维护,2400
青岛,整租·公元景樾公馆 3室1厅 南/北,整租,黄岛,隐珠,公元景樾公馆,117.0,3,1,1,南 北,中,25,精装|集中供暖,,,1200
青岛,整租·宜昌路散盘 2室1厅 南,整租,市北,海云庵,宜昌路散盘,66.28,2,1,1,南,低,7,精装|集中供暖|随时看房,,4天前维护,1700
青岛,合租·聚豪广场 4居室 南卧,合租,市北,信息城,聚豪广场,18.0,4,1,1,南,高,29,公寓|月租|近地铁|精装|集中供暖,卷福公寓,7天前维护,900
青岛,整租·翰林苑(城阳) 3室2厅 西,整租,城阳,城阳实验二小,翰林苑(城阳),111.93,3,2,1,西,中,14,官方核验|精装|集中供暖,,2天前维护,1666
青岛,合租·宝龙城市广场 5居室 南卧,合租,李沧,河南,宝龙城市广场,20.0,5,1,2,南,高,18,公寓|独立卫生间|拎包入住|近地铁|精装|独立阳台|集中供暖|随时看房,23℃公寓,21天前维护,1390
青岛,整租·盛世嘉苑 2室1厅 南/北,整租,黄岛,保税区,盛世嘉苑,64.0,2,1,1,南 北,中,11,集中供暖,链家,,1500
青岛,合租·中海国际社区河南回迁户 4居室 北卧,合租,李沧,枣儿山,中海国际社区河南回迁户,25.0,4,1,2,北,低,34,公寓|独立卫生间|拎包入住|精装|集中供暖|随时看房,23℃公寓,21天前维护,1390
青岛,整租·仁和居东区 2室1厅 南,整租,城阳,城阳实验二小,仁和居东区,81.0,2,1,1,南,中,6,近地铁|精装|集中供暖|随时看房,,,1250
青岛,合租·同安家园 5居室 西卧,合租,崂山,国信体育场,同安家园,15.0,5,1,4,西,低,24,公寓|拎包入住|近地铁|精装|集中供暖|随时看房,23℃公寓,21天前维护,990
青岛,整租·盛福山庄 2室1厅 南/北,整租,胶州,新城区,盛福山庄,82.0,2,1,1,南 北,低,6,集中供暖,,4天前维护,900
青岛,合租·小水清沟花园小区 4居室 南卧,合租,市北,水清沟,小水清沟花园小区,20.0,4,1,2,南,中,21,公寓|拎包入住|精装|集中供暖|随时看房,23℃公寓,21天前维护,1090
青岛,整租·官厅小区 2室1厅 南,整租,黄岛,天泰,官厅小区,80.0,2,1,1,南,中,6,近地铁|精装|集中供暖|随时看房,,1天前维护,1680
青岛,合租·金柏小区 5居室 西南卧,合租,黄岛,黄岛区政府,金柏小区,18.0,5,1,1,西南,高,7,公寓|月租|近地铁|精装|独立阳台|集中供暖|押一付一|随时看房,华夏管家,2天前维护,590
青岛,整租·东旺疃社区 2室1厅 南/北,整租,城阳,白云山,东旺疃社区,70.0,2,1,1,南 北,低,6,新上|精装|集中供暖,,今天维护,1200
青岛,独栋·广和连升公寓 华楼山路地铁站店2 整租，近地铁2/3号线，通勤方便，年租可打9折，民水民电，李村附近，房东直营，有厨房，集中供暖 1室1厅,整租,,,,40.0,1,1,1,,,0,独栋公寓|月租|拎包入住|近地铁|精装|有阳台|开放厨房|押一付一,广和连升公寓,4个月前维护,2400
青岛,整租·鹏丽南华 2室1厅 南,整租,崂山,国信体育场,鹏丽南华,90.0,2,1,1,南,中,27,近地铁|精装|集中供暖,,3天前维护,4250
青岛,独栋·广和连升公寓 华楼山路地铁站店1 直租特惠 长租九折 民水民电有厨房 近地铁口 月租起可月付 开间,独栋,,,,39.0,1,0,1,,,0,独栋公寓|月租|近地铁|精装|开放厨房|押一付一,广和连升公寓,1个月前维护,1850-2050
青岛,整租·新城玺樾云璟北区 4室2厅 南,整租,胶州,胶东空港商务区,新城玺樾云璟北区,171.85,4,2,3,南,低,24,精装|集中供暖|随时看房,,3天前维护,3000
青岛,独栋·广和连升公寓 华楼山路地铁站店1 房东直营长租九折 民水电有厨房 集中供暖 华楼山路地铁站 开间,独栋,,,,42.0,1,0,1,,,0,独栋公寓|月租|拎包入住|近地铁|精装|开放厨房|押一付一,广和连升公寓,3个月前维护,2500
青岛,整租·龙湖滟澜海岸 4室2厅 复式 南,整租,城阳,女姑,龙湖滟澜海岸,223.25,4,2,4,南,低,3,集中供暖|随时看房,,,2200
青岛,独栋·广和连升公寓 华楼山路地铁站店2 年租打9折，民水民电邻近地铁口2/3号线，房东直租，品牌装修，有供暖 1室1厅,独栋,,,,43.0,1,1,1,,,0,独栋公寓|月租|近地铁|精装|押一付一,广和连升公寓,3个月前维护,2100-2150
青岛,整租·拥翠山庄 2室1厅 南/北,整租,市南,天山银海,拥翠山庄,89.72,2,1,1,南 北,中,8,精装|集中供暖,,,3000
青岛,独栋·广和连升公寓 华楼山路地铁站店1 房东直租 民水民电有厨房 24h值班 南向大窗可短租近地铁2/3号线 开间,独栋,,,,47.0,1,0,1,,,0,独栋公寓|月租|近地铁|精装|开放厨房|押一付一,广和连升公寓,1个月前维护,2100-2200
青岛,整租·德馨园 2室1厅 南,整租,即墨区,即墨城西,德馨园,80.3,2,1,1,南,低,6,精装|集中供暖|随时看房,,,1250
青岛,独栋·广和连升公寓 华楼山路地铁站店1 直租loft长租特惠 集中供暖民水电 有厨房 月租起可月付 开间,独栋,,,,30.0,1,0,1,,,0,独栋公寓|月租|拎包入住|近地铁|精装|开放厨房|押一付一,广和连升公寓,3个月前维护,2450
青岛,整租·滨河小区(黄岛) 2室1厅 南/北,整租,黄岛,老城区,滨河小区(黄岛),68.4,2,1,1,南 北,中,5,,,,800
青岛,整租·凤凰园小区北区 2室2厅 南/北,整租,黄岛,薛家岛,凤凰园小区北区,84.47,2,2,1,南 北,中,7,近地铁|精装|集中供暖,,,1600
青岛,整租·无棣一路 3室1厅 东南,整租,市北,信息城,无棣一路,91.0,3,1,2,东南,中,7,近地铁|集中供暖|双卫生间,,1天前维护,2650
青岛,独栋·广和连升公寓 华楼山路地铁站店1 长租特惠房东直营 2/3号线通勤 民水电有厨房 住前深度保洁 开间,独栋,,,,43.0,1,0,1,,,0,独栋公寓|月租|近地铁|精装|开放厨房|押一付一,广和连升公寓,1个月前维护,2050-2150
青岛,整租·慧海园 3室2厅 南,整租,黄岛,海王路,慧海园,137.0,3,2,2,南,高,10,精装|集中供暖|双卫生间,,,1200
青岛,整租·煜鼎吉祥苑 2室1厅 南/北,整租,胶州,北关,煜鼎吉祥苑,78.0,2,1,1,南 北,高,6,精装|集中供暖,,5天前维护,600
青岛,整租·涝洼花园 3室1厅 南/北,整租,胶州,阜安,涝洼花园,130.0,3,1,1,南 北,低,7,集中供暖,,5天前维护,1000
青岛,独栋·广和连升公寓 华楼山路地铁站店1 房东直租 长租特惠9折 华楼山路地铁口 24h维保 民水民电有厨房 开间,独栋,,,,42.0,1,0,1,,,0,独栋公寓|月租|近地铁|精装|开放厨房|押一付一,广和连升公寓,4个月前维护,2450
青岛,整租·诚园 3室2厅 南,整租,胶州,南关,诚园,116.26,3,2,1,南,中,10,,,,1600
青岛,独栋·广和连升公寓 华楼山路地铁站店3 破价高窗户型-限时限量-房东直租-可月租可月付-有暖气-民水民电-整租一居 1室1厅,整租,,,,33.0,1,1,1,,,0,独栋公寓|月租|近地铁|精装|押一付一,广和连升公寓,1个月前维护,1150
青岛,整租·万科城市花园二期 2室1厅 南,整租,城阳,家佳源,万科城市花园二期,89.0,2,1,1,南,低,18,新上|月租|精装|集中供暖,,2天前维护,2300
青岛,独栋·青特缦寓 市北店 可短租 新都心 长沙路地铁 大loft双卧 2室1厅,独栋,,,,50.0,2,1,1,,,0,独栋公寓|月租|近地铁|精装|有阳台|开放厨房|押一付一,青特缦寓,今天维护,2800
青岛,整租·麦迪绅澎湃岛 1室1厅 西,整租,黄岛,积米崖,麦迪绅澎湃岛,40.0,1,1,1,西,中,16,近地铁|精装|集中供暖|随时看房,,,1300
青岛,独栋·青特缦寓 市北店 可短租 长沙路 新都心 民水民电  开敞一居 1室1厅,独栋,,,,50.0,1,1,1,,,0,独栋公寓|月租|近地铁|精装|有阳台|开放厨房|押一付一,青特缦寓,今天维护,2000
青岛,合租·太清路 1居室 南卧,合租,市北,榉林公园,太清路,15.0,1,0,0,南,高,7,近地铁|集中供暖,链家,1天前维护,900
青岛,独栋·广和连升公寓 福临万家店 【长租优选】月付&九折特惠 无遮挡南向大窗 近华楼山路地铁 开间,独栋,,,,47.0,1,0,1,,,0,独栋公寓|月租|近地铁|精装|开放厨房|押一付一,广和连升公寓,1个月前维护,2050-2150
青岛,整租·德福广场 3室2厅 南/北,整租,即墨区,即墨开发区,德福广场,116.0,3,2,2,南 北,中,5,双卫生间|随时看房,,,833
青岛,合租·三友公寓 4居室 南卧,合租,崂山,石老人,三友公寓,25.0,4,1,2,南,低,6,公寓|月租|拎包入住|近地铁,爱居客,18天前维护,800
青岛,整租·麦迪绅澎湃岛 1室1厅 西,整租,黄岛,积米崖,麦迪绅澎湃岛,40.0,1,1,1,西,中,16,近地铁|精装|集中供暖|随时看房,,,1300
青岛,合租·东李新苑 4居室 东南卧,合租,李沧,枣儿山,东李新苑,13.0,4,1,1,东南,低,6,公寓|月租|拎包入住|精装|随时看房,汇泰公寓,11天前维护,700
青岛,整租·职业中专家属院 3室1厅 南/北,整租,黄岛,老城区,职业中专家属院,77.42,3,1,1,南 北,高,5,近地铁|精装|随时看房,,,950
青岛,合租·紫金山小区 4居室 东卧,合租,黄岛,香江路,紫金山小区,12.0,4,1,1,东,高,6,公寓|月租|押一付一|随时看房,华夏管家,1天前维护,360
青岛,整租·世茂悦海 1室1厅 西,整租,黄岛,海王路,世茂悦海,58.45,1,1,1,西,高,24,官方核验|精装,,,1300
青岛,合租·康大观邸 4居室 北卧,合租,黄岛,金沙滩,康大观邸,18.0,4,1,2,北,低,22,公寓|月租|押一付一|随时看房,华夏管家,2天前维护,570
青岛,整租·青特小镇D区 3室1厅 南,整租,城阳,白云山,青特小镇D区,98.79,3,1,1,南,低,14,官方核验|新上|精装|集中供暖|随时看房,,3天前维护,2000
青岛,合租·贵海花园 5居室 北卧,合租,黄岛,薛家岛,贵海花园,15.0,5,1,1,北,中,7,公寓|月租|近地铁|集中供暖|押一付一|随时看房,华夏管家,1天前维护,490
青岛,整租·万科城市花园二期 2室1厅 南,整租,城阳,家佳源,万科城市花园二期,89.0,2,1,1,南,低,18,新上|月租|精装|集中供暖,,2天前维护,2300
青岛,合租·新贵都帝区 5居室 北卧,合租,市南,新贵都,新贵都帝区,16.0,5,1,2,北,低,17,公寓|月租|近地铁|精装|独立阳台|集中供暖|押一付一,爱居客,24天前维护,980
青岛,整租·华阳路广华园小区 3室1厅 东南,整租,市北,海泊河,华阳路广华园小区,87.26,3,1,1,东南,高,7,近地铁|精装|集中供暖,,,2200
青岛,合租·天怡景园C区 4居室 南卧,合租,市北,河西,天怡景园C区,16.0,4,1,2,南,低,12,公寓|月租|拎包入住|近地铁|精装|集中供暖|随时看房,星光之家,2天前维护,800
青岛,整租·弘信海滨新村 2室1厅 南/北,整租,市南,奥帆中心,弘信海滨新村,98.81,2,1,1,南 北,中,6,集中供暖|随时看房,链家,,6000
青岛,整租·三盛国际海岸 3室2厅 南/北,整租,即墨区,即墨蓝谷,三盛国际海岸,89.0,3,2,2,南 北,中,33,精装|双卫生间|随时看房,,,1100
青岛,整租·唐郡 3室1厅 南,整租,城阳,家佳源,唐郡,97.0,3,1,1,南,低,9,精装|集中供暖,,今天维护,1800
青岛,合租·金岭花园A区 5居室 北卧,合租,崂山,崂山CBD,金岭花园A区,20.0,5,2,2,北,高,6,公寓|月租|近地铁|精装|独立阳台|押一付一,爱居客,13天前维护,1000
青岛,整租·御墅临枫 3室2厅 南/北,整租,即墨区,即墨和平,御墅临枫,94.0,3,2,1,南 北,高,7,集中供暖|随时看房,,1天前维护,666
青岛,整租·帝邦帝城 1室1厅 南/北,整租,黄岛,六中,帝邦帝城,55.57,1,1,1,南 北,中,26,近地铁|精装|集中供暖,,5天前维护,1200
青岛,整租·南疃社区A 2室2厅 南/北,整租,城阳,世纪宝龙,南疃社区A,67.0,2,2,1,南 北,中,7,精装|集中供暖,,今天维护,1100
青岛,合租·东岳海花园 4居室 南卧,合租,崂山,汽车东站,东岳海花园,15.0,4,1,2,南,中,22,公寓|月租|近地铁|押一付一,爱居客,22天前维护,950
青岛,整租·东方至尊 3室2厅 南,整租,黄岛,海王路,东方至尊,168.0,3,2,2,南,低,43,精装|集中供暖|双卫生间|随时看房,,,3000
青岛,合租·逍遥居 5居室 东卧,合租,市南,大尧,逍遥居,20.0,5,1,2,东,低,6,公寓|月租|近地铁|精装|独立阳台|押一付一|随时看房,爱居客,21天前维护,780
青岛,整租·青特城B区 2室2厅 南,整租,城阳,城阳实验二小,青特城B区,85.0,2,2,1,南,低,25,精装|集中供暖,,3天前维护,1800
青岛,合租·华恩名座 4居室 南卧,合租,市北,同安路,华恩名座,20.0,4,1,1,南,中,15,公寓|月租|近地铁|精装|押一付一|随时看房,爱居客,21天前维护,660
青岛,整租·远洋新村 2室1厅 南,整租,市南,八大湖,远洋新村,76.1,2,1,1,南,中,8,精装|集中供暖,链家,5天前维护,3000
青岛,合租·三友公寓 4居室 南卧,合租,崂山,石老人,三友公寓,26.0,4,1,2,南,低,6,公寓|月租|近地铁|独立阳台,爱居客,18天前维护,1000
青岛,整租·贵州路 2室1厅 南,整租,市南,西镇,贵州路,65.43,2,1,1,南,高,7,近地铁|集中供暖|随时看房,,,1700
青岛,合租·天怡景园B区综合楼 4居室 西卧,合租,市北,河西,天怡景园B区综合楼,18.0,4,1,2,西,高,15,公寓|月租|近地铁|精装|集中供暖|随时看房,汇安家公寓,5天前维护,850
青岛,整租·高家台子 2室1厅 南/北,整租,胶州,新城区,高家台子,90.0,2,1,1,南 北,高,6,精装|集中供暖,,2天前维护,900
青岛,合租·西韩新苑 4居室 北卧,合租,崂山,西韩,西韩新苑,16.0,4,1,1,北,低,16,公寓|月租|精装|集中供暖|随时看房,汇安家公寓,9天前维护,900
青岛,整租·升平苑社区 2室2厅 南/北,整租,李沧,沧口公园,升平苑社区,73.35,2,2,1,南 北,中,6,近地铁|精装|集中供暖|随时看房,,,1750
青岛,整租·兴安支路（11-13）单号 2室1厅 西南/东北,整租,市北,大学路,兴安支路（11-13）单号,59.27,2,1,1,西南 东北,高,7,近地铁|精装|集中供暖|随时看房,,2天前维护,2400
青岛,整租·新时代海西花园 5室3厅 南/北,整租,黄岛,天泰,新时代海西花园,260.0,5,3,3,南 北,低,3,近地铁,,2天前维护,8333
青岛,整租·阳光四季 3室2厅 南/北,整租,黄岛,隐珠,阳光四季,129.01,3,2,1,南 北,中,8,精装|集中供暖,,,1300
青岛,整租·顺德居 3室2厅 南/北,整租,城阳,城阳实验二小,顺德居,125.0,3,2,2,南 北,高,6,精装|集中供暖|双卫生间|随时看房,,,2000
青岛,整租·赵家岭社区 2室1厅 南,整租,即墨区,西元庄,赵家岭社区,85.0,2,1,1,南,高,17,精装|集中供暖,,4天前维护,1200
青岛,整租·融创时代公馆 2室1厅 南,整租,胶州,上合,融创时代公馆,88.73,2,1,1,南,低,27,集中供暖,,,800
青岛,合租·嘉泰小区 4居室 南卧,合租,崂山,雕塑园,嘉泰小区,15.0,4,1,2,南,中,5,近地铁|集中供暖,,,1300
青岛,整租·同济馨园 2室1厅 南,整租,即墨区,即墨城西,同济馨园,99.0,2,1,1,南,高,26,新上|精装|集中供暖,,1天前维护,1250
青岛,整租·公元景粼公馆 3室2厅 南/北,整租,黄岛,老城区,公元景粼公馆,107.31,3,2,1,南 北,高,23,集中供暖,,,800
青岛,整租·麦迪绅澎湃岛 1室1厅 北,整租,黄岛,积米崖,麦迪绅澎湃岛,60.0,1,1,1,北,高,20,新上|近地铁|精装|集中供暖,,5天前维护,1450
青岛,整租·崂山尚境 2室1厅 南/北,整租,崂山,东韩,崂山尚境,90.0,2,1,1,南 北,低,24,新上|近地铁|精装|集中供暖,,1天前维护,3000
青岛,整租·卓越·青岚郡 3室1厅 南/北,整租,城阳,棘洪滩,卓越·青岚郡,106.0,3,1,2,南 北,高,27,新上|精装|集中供暖|双卫生间,,3天前维护,1200
青岛,整租·同济馨园 2室1厅 南/北,整租,即墨区,即墨城西,同济馨园,92.0,2,1,1,南 北,低,24,新上|精装|集中供暖,,3天前维护,1250
青岛,整租·沧台路小区 2室0厅 南,整租,李沧,沧口公园,沧台路小区,54.0,2,0,1,南,高,6,新上|近地铁|集中供暖,,1天前维护,1000
青岛,整租·东宅子头社区 1室1厅 南,整租,城阳,夏庄,东宅子头社区,60.0,1,1,1,南,高,17,,,5天前维护,600
青岛,整租·金海湾 2室2厅 南/北,整租,崂山,雕塑园,金海湾,108.44,2,2,1,南 北,低,4,近地铁|集中供暖,,4天前维护,4300
青岛,整租·天台山庄南庄 2室1厅 南/北,整租,市南,田家花园,天台山庄南庄,83.0,2,1,1,南 北,中,4,集中供暖,,今天维护,3000
青岛,整租·汶上路 2室1厅 东/南,整租,市南,西镇,汶上路,70.0,2,1,1,东 南,中,7,近地铁|精装|集中供暖,,3天前维护,2500
青岛,整租·鹏丽南华 2室2厅 南,整租,崂山,国信体育场,鹏丽南华,130.0,2,2,1,南,中,27,新上|近地铁|集中供暖,,3天前维护,4000
青岛,整租·上王埠 2室2厅 南/北,整租,李沧,下王埠,上王埠,86.0,2,2,1,南 北,高,7,集中供暖,,,1300
青岛,整租·东田社区 3室2厅 南,整租,城阳,白云山,东田社区,138.0,3,2,2,南,中,7,集中供暖|双卫生间|随时看房,,3天前维护,1417
青岛,整租·峪夼星云尚府 3室2厅 南,整租,崂山,崂山风景区,峪夼星云尚府,131.1,3,2,2,南,高,9,双卫生间,链家,今天维护,2200
青岛,整租·镜镕居 3室1厅 南,整租,即墨区,即墨古城,镜镕居,95.0,3,1,1,南,中,24,集中供暖|随时看房,,1天前维护,550
青岛,整租·烟台前 2室2厅 南/北,整租,黄岛,金沙滩,烟台前,85.0,2,2,1,南 北,中,20,精装|集中供暖,,4天前维护,1200
青岛,整租·东旺疃社区 2室1厅 南,整租,城阳,白云山,东旺疃社区,90.0,2,1,1,南,低,7,精装|集中供暖,,,833
青岛,整租·公元景粼公馆 3室1厅 南/北,整租,黄岛,老城区,公元景粼公馆,107.0,3,1,1,南 北,高,24,集中供暖,,,700
青岛,整租·泰和锦城B区 2室1厅 南/北,整租,崂山,张村,泰和锦城B区,70.0,2,1,1,南 北,低,16,新上|近地铁|精装,,3天前维护,2500
青岛,整租·河畔家园 1室1厅 南/北,整租,崂山,西韩,河畔家园,65.74,1,1,1,南 北,低,27,精装|集中供暖|随时看房,,,2200
青岛,独栋·融晟青寓 融创观湖店 直租 可短租可月付 近下王埠 近李村商圈 东方城106 1室1厅,独栋,,,,65.0,1,1,1,,,0,独栋公寓|月租|拎包入住|精装|有阳台|开放厨房|押一付一,融晟青寓,22天前维护,1600
青岛,整租·城建鼎都 1室1厅 南,整租,市北,福州北路,城建鼎都,39.18,1,1,1,南,高,30,近地铁|精装|集中供暖|随时看房,,,1650
青岛,整租·远洋公馆 1室2厅 南,整租,市南,辛家庄,远洋公馆,77.61,1,2,1,南,低,12,官方核验|近地铁|精装|集中供暖|随时看房,,3天前维护,4500
青岛,整租·两埠岸居住区 3室2厅 南/北,整租,黄岛,江山南路,两埠岸居住区,120.01,3,2,1,南 北,中,28,近地铁|精装|集中供暖,,2天前维护,2300
青岛,独栋·龙湖冠寓 龙湖冠寓青岛中山路店 开年特惠【近地铁一号线中山路、限时8折】押一付一 1室1厅,独栋,,,,36.88,1,1,1,,,0,独栋公寓|月租|拎包入住|近地铁|开放厨房|押一付一,龙湖冠寓,2天前维护,1571
青岛,整租·延寿宫路70号 2室1厅 南,整租,李沧,书院路,延寿宫路70号,86.24,2,1,1,南,高,8,集中供暖,,2天前维护,1550
青岛,合租·青建太阳岛 2居室 西卧,合租,市北,新都心,青建太阳岛,15.0,2,1,1,西,中,26,官方核验|精装|集中供暖|随时看房,,今天维护,1400
青岛,整租·海信灵山湾 3室1厅 南,整租,黄岛,两河,海信灵山湾,106.3,3,1,1,南,中,32,近地铁|精装|集中供暖|随时看房,,,1500
青岛,整租·四方昌盛花园 2室2厅 南/北,整租,市北,海云庵,四方昌盛花园,87.8,2,2,1,南 北,中,20,精装|集中供暖|随时看房,,,2050
青岛,独栋·朵寓 书院路-万达广场店 民用水电 可月付 可长租  靠近2.3号线李村地铁 精装 1室1厅,独栋,,,,35.0,1,1,1,,,0,独栋公寓|月租|近地铁|精装|开放厨房|押一付一,朵寓,1个月前维护,1450
青岛,整租·抚顺路19号小区 3室1厅 东/西,整租,市北,理工大学,抚顺路19号小区,82.33,3,1,1,东 西,中,8,近地铁|集中供暖,,2天前维护,1750
青岛,整租·浮山后一小区 2室1厅 南,整租,市北,浮山后,浮山后一小区,101.27,2,1,1,南,高,11,官方核验|精装|集中供暖|随时看房,链家,5天前维护,2300
青岛,整租·凭海临风御苑 3室1厅 南/北,整租,黄岛,两河,凭海临风御苑,108.0,3,1,1,南 北,低,30,精装|集中供暖,,,1500
青岛,独栋·朵寓 李村步行街店 无中介房东直租 万达整租套一 近李村2.3号地铁 独门独户 1室1厅,整租,,,,30.0,1,1,1,,,0,独栋公寓|月租|拎包入住|近地铁|精装|开放厨房|押一付一,朵寓,1个月前维护,1550
青岛,整租·昆仑山社区 2室1厅 南/北,整租,黄岛,保税区,昆仑山社区,81.36,2,1,1,南 北,中,6,近地铁|精装|集中供暖,,5天前维护,1700
青岛,独栋·如果可能公寓 宁夏路地铁站店 可月付--民水民电--两室双床 2室0厅,独栋,,,,64.0,2,0,1,,,0,新上|独栋公寓|月租|近地铁|精装|开放厨房|押一付一,如果可能公寓,4天前维护,2500
青岛,独栋·如果可能公寓 宁夏路地铁站店 3号线宁夏路-民水民电-两室一厅 2室1厅,独栋,,,,76.0,2,1,1,,,0,新上|独栋公寓|月租|近地铁|精装|开放厨房|押一付一,如果可能公寓,4天前维护,3200
青岛,独栋·朵寓 书院路-万达广场店 民用水电 可月付 可长租  靠近2.3号线李村地铁 1室1厅,独栋,,,,35.0,1,1,1,,,0,独栋公寓|月租|近地铁|精装|开放厨房|押一付一,朵寓,1个月前维护,1550
青岛,独栋·龙湖冠寓 龙湖冠寓青岛中山路店 1月开年特惠！龙湖直营公寓 出门即地铁站，可月付，首月立减500！ 学生更享折上折 开间,独栋,,,,15.38,1,0,1,,,0,独栋公寓|月租|拎包入住|近地铁|押一付一,龙湖冠寓,7天前维护,900
青岛,整租·馨苑小区 2室1厅 南/北,整租,李沧,下王埠,馨苑小区,67.0,2,1,1,南 北,高,7,精装|集中供暖|随时看房,,,1300
青岛,合租·金领世家南区 4居室 南卧,合租,崂山,崂山CBD,金领世家南区,156.24,4,0,2,南,中,18,近地铁|集中供暖,,4天前维护,1300
青岛,独栋·龙湖冠寓 龙湖冠寓青岛中山路店 1月劲爆特惠价！超绝海景 室内看教堂 精装南向海景房 拎包入住 无中介可月付 1室1厅,独栋,,,,38.0,1,1,1,,,0,独栋公寓|月租|近地铁|开放厨房|押一付一,龙湖冠寓,3天前维护,2571
青岛,整租·蓝岸郡景 2室1厅 南,整租,黄岛,六中,蓝岸郡景,75.0,2,1,1,南,高,17,近地铁|精装|集中供暖,,3天前维护,1200
青岛,整租·万科桃花源二期 3室2厅 南/北,整租,城阳,家佳源,万科桃花源二期,89.0,3,2,1,南 北,低,18,精装|集中供暖,,,2500
青岛,独栋·龙湖冠寓 理工大学店 【近地铁一号线/薛家岛街道办】长租首月减300！小户型整租独卫，押一付一无中介费 开间,整租,,,,20.0,1,0,1,,,0,独栋公寓|月租|近地铁|精装|押一付一,龙湖冠寓,10天前维护,949
青岛,整租·永定路 3室1厅 南/北,整租,李沧,沧口公园,永定路,89.98,3,1,1,南 北,高,6,近地铁|精装|集中供暖|随时看房,,,1400
青岛,整租·六合社区 2室1厅 南/北,整租,黄岛,大珠山,六合社区,70.1,2,1,1,南 北,高,6,官方核验|精装|集中供暖|随时看房,,2天前维护,900
青岛,整租·新兴小区 2室1厅 南,整租,即墨区,即墨城西,新兴小区,88.0,2,1,1,南,高,4,官方核验|精装,,,833
青岛,整租·星光岛玫瑰园 2室1厅 东南/南,整租,黄岛,东方影都,星光岛玫瑰园,90.14,2,1,2,东南 南,高,18,官方核验|精装|集中供暖|双卫生间|随时看房,,4天前维护,2100
青岛,整租·山海湾 2室1厅 复式 南/北,整租,黄岛,安子片区,山海湾,86.67,2,1,2,南 北,高,30,近地铁|精装|集中供暖|双卫生间|随时看房,链家,3天前维护,1700
青岛,整租·青岛小镇岚山 2室1厅 南,整租,黄岛,东方影都,青岛小镇岚山,91.41,2,1,1,南,中,8,近地铁|精装|随时看房,,5天前维护,1500
青岛,整租·鑫江桂花园2期 2室2厅 南,整租,城阳,东方城东,鑫江桂花园2期,84.0,2,2,1,南,中,11,精装|集中供暖,,,1600
青岛,整租·万科未来城 3室2厅 南,整租,市北,万科广场,万科未来城,113.9,3,2,1,南,高,21,精装|集中供暖|随时看房,链家,,3400
青岛,整租·天泰城迦南美地 3室2厅 南/北,整租,城阳,东方城西,天泰城迦南美地,102.1,3,2,1,南 北,中,16,精装|集中供暖,,,1500
青岛,整租·青特赫府一期 2室1厅 南,整租,城阳,城阳实验二小,青特赫府一期,65.0,2,1,1,南,高,17,精装|集中供暖,,3天前维护,1666
青岛,独栋·融晟青寓 融创观湖店 房东直租 可月付 近李村万达 下王埠整租一居 02/07 1室1厅,整租,,,,67.0,1,1,1,,,0,独栋公寓|月租|精装|有阳台|开放厨房|押一付一,融晟青寓,22天前维护,1400
青岛,独栋·融晟青寓 融创观湖店 公寓直租 可短租月付 近下王埠 近李村商圈02/07 1室1厅,独栋,,,,70.0,1,1,1,,,0,独栋公寓|月租|精装|有阳台|开放厨房|押一付一,融晟青寓,22天前维护,1400
青岛,独栋·如果可能公寓 宁夏路地铁站店 三个月起租-房东直租-可月付-宁夏路地铁口 1室1厅,独栋,,,,50.0,1,1,1,,,0,新上|独栋公寓|月租|近地铁|精装|开放厨房|押一付一,如果可能公寓,4天前维护,2500
青岛,整租·良辰美景二期 2室1厅 南,整租,市北,中央CBD,良辰美景二期,92.1,2,1,1,南,高,33,近地铁|精装|集中供暖|随时看房,,,3300
青岛,独栋·朵寓 书院路-万达广场店 可月付 可长租 民用水电 靠近2.3号线李村地铁 1室1厅,独栋,,,,35.0,1,1,1,,,0,独栋公寓|月租|近地铁|精装|开放厨房|押一付一,朵寓,1个月前维护,1550
青岛,整租·索菲亚国际中心 1室1厅 东,整租,黄岛,唐岛湾,索菲亚国际中心,64.61,1,1,0,东,中,19,官方核验|近地铁|精装|集中供暖,,,3000
青岛,整租·中铁世界博览城阅峰B区 3室2厅 南,整租,黄岛,大珠山,中铁世界博览城阅峰B区,100.0,3,2,1,南,高,17,精装|集中供暖|随时看房,,5天前维护,1500
青岛,整租·融创中心融宸 2室2厅 南/北,整租,黄岛,世纪大道,融创中心融宸,90.0,2,2,1,南 北,中,32,精装|集中供暖,,,1500
青岛,整租·国豪金融保险中心 1室1厅 南,整租,城阳,世纪宝龙,国豪金融保险中心,74.0,1,1,1,南,中,12,精装|集中供暖,,,1350
青岛,整租·世纪新村中区 1室1厅 南,整租,黄岛,海王路,世纪新村中区,55.0,1,1,1,南,中,6,集中供暖,,,800
青岛,整租·蓝山湾一期 3室2厅 南/北,整租,李沧,十梅庵,蓝山湾一期,87.1,3,2,1,南 北,低,16,近地铁|集中供暖|随时看房,链家,,2000
青岛,独栋·星韵美寓 黄岛店 星韵城边户好房型-特价出租-全新家电拎包入住 1室1厅,独栋,,,,40.0,1,1,1,,,0,独栋公寓|月租|精装|有阳台|开放厨房,星韵美寓,7天前维护,700
青岛,整租·武宁路 2室0厅 南,整租,市北,水清沟,武宁路,48.43,2,0,1,南,高,7,集中供暖|随时看房,,,1100
青岛,整租·茂源花园西区 2室1厅 南,整租,城阳,家佳源,茂源花园西区,71.0,2,1,1,南,高,7,集中供暖,,5天前维护,1000
青岛,整租·新兴小区 2室1厅 南/北,整租,即墨区,即墨城西,新兴小区,64.04,2,1,1,南 北,中,4,精装,,,750
青岛,整租·虎山花苑F区 2室1厅 南/北,整租,李沧,李村公园,虎山花苑F区,66.0,2,1,1,南 北,中,6,近地铁|精装|集中供暖|随时看房,,,2000
青岛,整租·锦绣华城一期 2室1厅 南,整租,市南,中央CBD,锦绣华城一期,86.42,2,1,1,南,低,28,近地铁|精装|集中供暖|随时看房,,4天前维护,3600
青岛,整租·西山花苑 2室1厅 南/北,整租,李沧,书院路,西山花苑,61.0,2,1,1,南 北,中,6,精装|集中供暖,,今天维护,1500
青岛,独栋·星韵美寓 黄岛店 星韵城整租套一民水民电拎包入住-月租700起 1室1厅,整租,,,,40.0,1,1,1,,,0,独栋公寓|月租|精装|有阳台|开放厨房,星韵美寓,7天前维护,700
青岛,独栋·星韵美寓 黄岛店 星韵城整租套一-距双珠路地铁站-可月租月付700起 1室1厅,整租,,,,40.0,1,1,1,,,0,独栋公寓|月租|精装|有阳台|开放厨房,星韵美寓,7天前维护,700
青岛,整租·伟东幸福之城二期 2室2厅 南/北,整租,李沧,下王埠,伟东幸福之城二期,89.59,2,2,1,南 北,低,18,精装|集中供暖|随时看房,,5天前维护,2400
青岛,整租·城阳村社区世纪民生小区 2室2厅 南/北,整租,城阳,世纪宝龙,城阳村社区世纪民生小区,99.0,2,2,1,南 北,低,13,近地铁|精装|集中供暖,,,1666
青岛,整租·信特花园E区 2室2厅 南,整租,即墨区,即墨开发区,信特花园E区,79.0,2,2,1,南,低,6,精装|集中供暖,,,700
青岛,独栋·星韵美寓 黄岛店 新房首次整租-套一户型南北通透阳光明媚-700起 1室1厅,整租,,,,40.0,1,1,1,,,0,独栋公寓|月租|精装|有阳台|开放厨房,星韵美寓,7天前维护,700
青岛,独栋·广和连升公寓 华楼山路地铁站店1 特价房，临近2/3号线地铁口，房东直租，品牌装修，有电梯 1室1厅,独栋,,,,40.0,1,1,1,,,0,独栋公寓|月租|近地铁|精装|开放厨房|押一付一,广和连升公寓,1个月前维护,1920
青岛,独栋·广和连升公寓 华楼山路地铁站店1 一居室可月租月付 近地铁2/3号线 年租9折特惠 李村商圈附近房东直营 民水电有厨房 1室1厅,独栋,,,,30.0,1,1,1,,,0,独栋公寓|月租|近地铁|精装|开放厨房|押一付一,广和连升公寓,4个月前维护,2150
青岛,整租·青特小镇D区 4室2厅 南/北,整租,城阳,白云山,青特小镇D区,200.0,4,2,2,南 北,中,4,精装|集中供暖|双卫生间,,,5000
青岛,独栋·广和连升公寓 华楼山路地铁站店2 整租，近地铁2/3号线，通勤方便，年租可打9折，民水民电，李村附近，房东直营，有厨房，集中供暖 1室1厅,整租,,,,40.0,1,1,1,,,0,独栋公寓|月租|拎包入住|近地铁|精装|有阳台|开放厨房|押一付一,广和连升公寓,4个月前维护,2400
青岛,整租·金茂悦西四区 3室2厅 南/北,整租,城阳,高新区,金茂悦西四区,136.94,3,2,2,南 北,高,11,精装|集中供暖|双卫生间|随时看房,,,2500
青岛,整租·鑫江拉菲庄园 2室2厅 南/北,整租,城阳,东方城西,鑫江拉菲庄园,70.0,2,2,1,南 北,中,8,精装|集中供暖|随时看房,,2天前维护,1200
青岛,整租·金顶花园 4室2厅 南/北,整租,崂山,国信体育场,金顶花园,169.42,4,2,2,南 北,高,6,近地铁|精装|集中供暖|双卫生间,,,5000
青岛,整租·车宋社区 1室1厅 南,整租,崂山,东韩,车宋社区,64.48,1,1,1,南,高,26,官方核验|近地铁|精装|集中供暖|随时看房,,2天前维护,2300
青岛,整租·盛世景园 1室1厅 南,整租,城阳,惜福镇,盛世景园,75.53,1,1,1,南,低,22,官方核验|精装|随时看房,,,1000
青岛,整租·三里河文苑 2室1厅 南,整租,胶州,阜安,三里河文苑,84.0,2,1,1,南,低,17,精装|集中供暖,,3天前维护,1100
青岛,整租·大都汇玺元 2室2厅 南/北,整租,市北,水清沟,大都汇玺元,90.28,2,2,1,南 北,中,26,官方核验|近地铁|精装|集中供暖|随时看房,,,2500
青岛,独栋·龙湖冠寓 青岛奥帆中心店 市立医院旁暖居特价，1月限时特价 ！近市立医院！仅限本月！限时抢！近佳世客！燕儿岛路！ 1室1厅,独栋,,,,29.96,1,1,1,,,0,独栋公寓|月租|近地铁|精装|押一付一,龙湖冠寓,2天前维护,2632
青岛,整租·凭海临风御苑 3室1厅 南/北,整租,黄岛,两河,凭海临风御苑,108.19,3,1,1,南 北,中,30,官方核验|精装|集中供暖|随时看房,链家,,1500
青岛,整租·天一仁和智慧之城 2室2厅 南,整租,城阳,惜福镇,天一仁和智慧之城,94.45,2,2,1,南,高,24,官方核验|集中供暖|随时看房,,,600
青岛,整租·世茂悦海 1室1厅 西,整租,黄岛,海王路,世茂悦海,42.0,1,1,1,西,中,30,精装|集中供暖,,5天前维护,1000
青岛,整租·云桥花苑 2室1厅 南,整租,即墨区,西元庄,云桥花苑,72.0,2,1,1,南,中,8,集中供暖,,1天前维护,1000
青岛,独栋·广和连升公寓 华楼山路地铁站店2 0中介，民水民电，长租打9折，近2/3号地铁，品牌装修有厨房 1室1厅,独栋,,,,40.0,1,1,1,,,0,独栋公寓|月租|近地铁|精装|开放厨房|押一付一,广和连升公寓,3个月前维护,2400
青岛,独栋·广和连升公寓 华楼山路地铁站店1 长租特惠房东直营 2/3号线通勤 民水电有厨房 住前深度保洁 开间,独栋,,,,43.0,1,0,1,,,0,独栋公寓|月租|近地铁|精装|开放厨房|押一付一,广和连升公寓,1个月前维护,2050-2150
青岛,独栋·广和连升公寓 华楼山路地铁站店2 年租打9折，民水民电邻近地铁口2/3号线，房东直租，品牌装修，有供暖 1室1厅,独栋,,,,43.0,1,1,1,,,0,独栋公寓|月租|近地铁|精装|押一付一,广和连升公寓,3个月前维护,2100-2150
青岛,整租·金科阳光美镇A区 3室2厅 南,整租,城阳,上马,金科阳光美镇A区,100.17,3,2,1,南,中,28,官方核验|精装|集中供暖,,,1400
青岛,整租·延安一路（榉林公园） 2室1厅 东南,整租,市北,大学路,延安一路（榉林公园）,64.21,2,1,1,东南,中,6,近地铁|精装|集中供暖|随时看房,,,2200
青岛,独栋·广和连升公寓 华楼山路地铁站店2 首月减300元加打9折，近2号线地铁口，无中介房东直租精装修 1室1厅,独栋,,,,40.0,1,1,1,,,0,独栋公寓|月租|近地铁|精装|开放厨房|押一付一,广和连升公寓,3个月前维护,2250
青岛,合租·保利天珺 2居室 北卧,合租,市北,河西,保利天珺,30.0,2,1,1,北,中,21,近地铁|集中供暖,链家,4天前维护,1600
青岛,整租·台南路5号 2室2厅 南,整租,市南,麦岛,台南路5号,87.98,2,2,1,南,高,6,近地铁|精装|集中供暖|随时看房,,5天前维护,3400
青岛,整租·武夷山社区 3室2厅 南/北,整租,黄岛,天泰,武夷山社区,146.0,3,2,2,南 北,高,6,近地铁|集中供暖|双卫生间,链家,2天前维护,2000
青岛,整租·中海熙岸 3室2厅 西南,整租,黄岛,海王路,中海熙岸,106.0,3,2,1,西南,低,33,集中供暖,,5天前维护,1400
青岛,整租·东方时尚中心·尚合 1室1厅 北,整租,黄岛,大珠山,东方时尚中心·尚合,59.36,1,1,1,北,中,8,精装|集中供暖|随时看房,,4天前维护,1500
青岛,独栋·广和连升公寓 华楼山路地铁站店1 直租loft长租特惠 集中供暖民水电 有厨房 月租起可月付 开间,独栋,,,,30.0,1,0,1,,,0,独栋公寓|月租|拎包入住|近地铁|精装|开放厨房|押一付一,广和连升公寓,3个月前维护,2450
青岛,整租·远洋·御城 3室1厅 南,整租,胶州,上合,远洋·御城,99.0,3,1,1,南,高,25,精装|集中供暖,,,900
青岛,整租·山水名园三期 3室2厅 南/北,整租,崂山,石老人,山水名园三期,150.0,3,2,2,南 北,中,15,精装|集中供暖|双卫生间|随时看房,,今天维护,6666
青岛,整租·新昌家园 3室2厅 南/西南/北,整租,即墨区,即墨城西,新昌家园,123.0,3,2,1,南 西南 北,高,6,精装|集中供暖|随时看房,,,1000
青岛,合租·汕头路1号 4居室 南卧,合租,市南,奥帆中心,汕头路1号,30.0,4,1,2,南,中,7,公寓|月租|近地铁|精装|独立阳台|集中供暖|押一付一|随时看房,未来驿站,3天前维护,1000
青岛,整租·中海林溪世家观澜 3室2厅 南,整租,胶州,少海,中海林溪世家观澜,142.71,3,2,2,南,中,11,精装|集中供暖|双卫生间|随时看房,,,1900
青岛,合租·金柏小区 5居室 西南卧,合租,黄岛,黄岛区政府,金柏小区,18.0,5,1,1,西南,高,7,公寓|月租|近地铁|精装|独立阳台|集中供暖|押一付一|随时看房,华夏管家,2天前维护,590
青岛,整租·盛福山庄 2室1厅 南,整租,胶州,新城区,盛福山庄,90.01,2,1,1,南,中,6,官方核验|精装|集中供暖,,2天前维护,1000
青岛,整租·沟岔小区 2室1厅 南/北,整租,城阳,农业大学,沟岔小区,90.0,2,1,1,南 北,中,7,近地铁|精装,,4天前维护,1250
青岛,合租·伟业花园 5居室 西南卧,合租,黄岛区,香江路,伟业花园,20.0,5,2,2,西南,中,5,公寓|月租|近地铁|精装|集中供暖|押一付一|随时看房,华夏管家,2天前维护,470
青岛,整租·祥泰正阳东郡 2室1厅 南,整租,城阳,白云山,祥泰正阳东郡,86.0,2,1,1,南,中,22,精装|集中供暖|随时看房,,,1550
青岛,整租·黄浦江电子科技市场 3室2厅 南/北,整租,黄岛,天泰,黄浦江电子科技市场,150.65,3,2,1,南 北,低,7,近地铁|精装|集中供暖,,,2800
青岛,整租·海信都市果岭 2室2厅 南/北,整租,崂山,张村,海信都市果岭,93.51,2,2,1,南 北,高,30,近地铁|精装|集中供暖|随时看房,,3天前维护,3200
青岛,合租·江山丽城 4居室 东北卧,合租,黄岛,香江路,江山丽城,18.0,4,2,2,东北,中,31,公寓|月租|近地铁|精装|集中供暖|押一付一|随时看房,华夏管家,2天前维护,630
青岛,整租·百通馨苑六区 2室2厅 南/北,整租,李沧,下王埠,百通馨苑六区,86.88,2,2,1,南 北,中,16,集中供暖|随时看房,链家,,2200
青岛,整租·莱芜一路 3室1厅 南,整租,市南,大学路,莱芜一路,160.0,3,1,1,南,高,8,近地铁|集中供暖,,4天前维护,1000
青岛,整租·津盘凤凰都 2室1厅 南,整租,黄岛,积米崖,津盘凤凰都,101.87,2,1,1,南,中,18,近地铁|集中供暖,链家,,1500
青岛,整租·鲁商蓝岸新城一期 2室2厅 南/北,整租,城阳,高新区,鲁商蓝岸新城一期,98.0,2,2,1,南 北,高,33,精装|集中供暖,,,1800
青岛,整租·天一仁和智慧之城 3室2厅 南/北,整租,城阳,惜福镇,天一仁和智慧之城,99.77,3,2,1,南 北,低,23,精装|集中供暖|随时看房,,,1300
青岛,合租·聚豪广场 4居室 南卧,合租,市北,信息城,聚豪广场,18.0,4,1,1,南,高,29,公寓|月租|近地铁|精装|集中供暖,卷福公寓,7天前维护,900
青岛,整租·赵家小庄新区 2室2厅 南,整租,胶州,中云,赵家小庄新区,92.0,2,2,1,南,中,6,精装,,5天前维护,700
青岛,合租·中海国际社区河南回迁户 3居室 南卧,合租,李沧,枣儿山,中海国际社区河南回迁户,15.0,3,1,1,南,高,34,公寓|拎包入住|近地铁|精装|集中供暖|随时看房,23℃公寓,21天前维护,1100
青岛,整租·芙蓉山庄小区 1室0厅 南,整租,市北,海泊河,芙蓉山庄小区,39.76,1,0,1,南,中,6,近地铁|集中供暖|随时看房,,今天维护,1350
青岛,整租·新源小区 3室2厅 南/北,整租,即墨区,即墨城西,新源小区,117.0,3,2,2,南 北,低,18,精装|集中供暖|双卫生间,,2天前维护,1250
青岛,合租·台湾花园 4居室 南卧,合租,市南,麦岛,台湾花园,20.0,4,1,1,南,中,6,公寓|近地铁|精装|集中供暖|押一付一,明致公寓,7天前维护,900
青岛,整租·东方时尚中心·尚璟 3室1厅 南/北,整租,黄岛,大珠山,东方时尚中心·尚璟,98.0,3,1,1,南 北,高,15,精装|集中供暖,,,1800
青岛,整租·金色家园 3室2厅 南/北,整租,胶州,新城区,金色家园,117.0,3,2,2,南 北,中,11,精装|集中供暖|双卫生间,,2天前维护,1500
青岛,合租·宝龙城市广场 5居室 南卧,合租,李沧,河南,宝龙城市广场,20.0,5,1,2,南,高,18,公寓|独立卫生间|拎包入住|近地铁|精装|独立阳台|集中供暖|随时看房,23℃公寓,21天前维护,1390
青岛,合租·中海国际社区河南回迁户 3居室 南卧,合租,李沧,枣儿山,中海国际社区河南回迁户,18.0,3,1,1,南,中,31,公寓|拎包入住|精装|集中供暖|随时看房,23℃公寓,21天前维护,1060
青岛,整租·华鹏宜家 2室1厅 南,整租,城阳,农业大学,华鹏宜家,80.0,2,1,1,南,高,6,近地铁|精装|集中供暖,,,1800
青岛,整租·碧桂园蓝谷之光 2室2厅 南,整租,即墨区,即墨蓝谷,碧桂园蓝谷之光,45.0,2,2,1,南,高,18,近地铁|精装|随时看房,,,1100
青岛,整租·中铁青岛中心 2室1厅 南/西南,整租,市南,五四广场,中铁青岛中心,107.05,2,1,1,南 西南,中,54,近地铁|集中供暖|随时看房,链家,2天前维护,6000
青岛,整租·山海湾 2室2厅 南/西,整租,黄岛,安子片区,山海湾,83.03,2,2,2,南 西,低,32,近地铁|精装|集中供暖|双卫生间|随时看房,,2天前维护,1600
青岛,合租·上王埠花园 3居室 南卧,合租,李沧,下王埠,上王埠花园,15.0,3,1,1,南,低,30,公寓|月租|精装|集中供暖,青岛易租公寓,1天前维护,600
青岛,整租·东宋新村 3室2厅 南/北,整租,胶州,中云,东宋新村,132.0,3,2,2,南 北,高,8,集中供暖|双卫生间,,,800
青岛,合租·鞍山二路97号 4居室 南卧,合租,市北,理工大学,鞍山二路97号,18.0,4,1,1,南,高,8,月租|近地铁|精装|集中供暖|押一付一|随时看房,爱舍公寓,26天前维护,800
青岛,整租·空港澜庭美景A区 3室2厅 南/北,整租,胶州,李哥庄,空港澜庭美景A区,123.0,3,2,2,南 北,低,18,双卫生间|随时看房,,,1000
青岛,整租·滨海新村 3室2厅 南,整租,黄岛,六中,滨海新村,110.0,3,2,1,南,中,7,精装|集中供暖,,,1380
青岛,整租·青岛蓝色中心 1室1厅 南/北,整租,即墨区,即墨蓝谷,青岛蓝色中心,60.0,1,1,1,南 北,低,24,近地铁|精装|随时看房,,,1000
青岛,整租·银盛泰▪星河城一期B区 2室1厅 南/北,整租,黄岛,隐珠,银盛泰▪星河城一期B区,84.0,2,1,1,南 北,高,5,集中供暖,,,900
青岛,整租·中海国际社区一里城 3室2厅 南/北,整租,李沧,河南,中海国际社区一里城,124.0,3,2,1,南 北,中,32,近地铁|精装|集中供暖,链家,2天前维护,4200
青岛,整租·同济馨园 2室2厅 南/北,整租,即墨区,即墨城西,同济馨园,95.0,2,2,1,南 北,中,19,精装,,1天前维护,850
青岛,合租·凯旋山庄 4居室 南卧,合租,崂山,雕塑园,凯旋山庄,25.0,4,1,1,南,低,6,新上|公寓|独立卫生间|近地铁|押一付一,明致公寓,4天前维护,1500
青岛,合租·紫竹苑 4居室 南卧,合租,市北,北仲,紫竹苑,20.0,4,1,1,南,中,6,公寓|押一付一,明致公寓,7天前维护,750
青岛,合租·湖岛村 5居室 南卧,合租,市北,保利百合,湖岛村,20.0,5,1,1,南,高,6,公寓|押一付一,明致公寓,6天前维护,650
青岛,整租·清江路商业 3室2厅 南/西南,整租,市北,新都心,清江路商业,101.31,3,2,1,南 西南,低,1,近地铁,链家,,9166
青岛,整租·碧桂园蓝谷之光 3室1厅 南,整租,即墨区,即墨蓝谷,碧桂园蓝谷之光,147.0,3,1,2,南,低,31,近地铁|精装|集中供暖|双卫生间|随时看房,,,1300
青岛,整租·龙湖亿联·春江天玺 3室1厅 南/北,整租,黄岛,六中,龙湖亿联·春江天玺,100.0,3,1,2,南 北,低,32,集中供暖|双卫生间|随时看房,,,800
青岛,整租·盛世家园二期 3室1厅 东南,整租,城阳,惜福镇,盛世家园二期,125.9,3,1,2,东南,高,7,月租|双卫生间|随时看房,,4天前维护,1000
青岛,合租·联城海岸锦城 3居室 南卧,合租,市北,海云庵,联城海岸锦城,25.0,3,1,1,南,高,7,公寓|近地铁|独立阳台|押一付一,明致公寓,7天前维护,1000
青岛,整租·青特地铁花屿城 4室2厅 南/北,整租,城阳,夏庄,青特地铁花屿城,160.0,4,2,2,南 北,中,5,集中供暖|双卫生间,,,1200
青岛,整租·颐和家园 1室1厅 南,整租,即墨区,即墨开发区,颐和家园,60.0,1,1,1,南,高,6,集中供暖,,,800
青岛,整租·东方华庭商郡 2室1厅 南/北,整租,黄岛,东方影都,东方华庭商郡,89.0,2,1,1,南 北,中,26,月租|近地铁|精装|集中供暖,,,2900
青岛,整租·龙山景苑 2室1厅 南/北,整租,即墨区,即墨创智新区,龙山景苑,85.0,2,1,1,南 北,高,6,,,,800
青岛,整租·港中旅蓝谷壹号 3室2厅 南/北,整租,即墨区,即墨蓝谷,港中旅蓝谷壹号,125.0,3,2,1,南 北,低,18,月租|近地铁|精装|集中供暖,,,1200
青岛,合租·中海国际河南社区 3居室 南卧,合租,李沧,枣儿山,中海国际河南社区,20.0,3,0,3,南,中,34,公寓|独立卫生间|精装|集中供暖|随时看房,23℃公寓,21天前维护,1290
青岛,合租·辛家庄三小区（三明路） 3居室 南卧,合租,市南,辛家庄,辛家庄三小区（三明路）,15.0,3,1,1,南,高,7,公寓|押一付一,明致公寓,7天前维护,800
青岛,合租·春和景明一期 4居室 南卧,合租,李沧,下王埠,春和景明一期,10.0,4,1,1,南,高,20,公寓|月租|拎包入住|精装|押一付一|随时看房,可邻公寓,5天前维护,700
青岛,整租·奥海园 3室1厅 南,整租,黄岛,海王路,奥海园,60.0,3,1,1,南,高,7,集中供暖,,,800
青岛,合租·东莞路 3居室 南卧,合租,市北,错埠岭,东莞路,30.0,3,0,3,南,低,6,公寓|独立卫生间|近地铁|精装|独立阳台|随时看房,23℃公寓,21天前维护,1690
青岛,合租·远洋花园 5居室 南卧,合租,市南,远洋广场,远洋花园,25.0,5,1,2,南,高,6,公寓|近地铁|精装|集中供暖|押一付一,明致公寓,7天前维护,1300
青岛,合租·毛公地 4居室 南卧,合租,李沧,世园会,毛公地,25.0,4,1,1,南,高,6,公寓|拎包入住|精装|集中供暖|随时看房,23℃公寓,21天前维护,960
青岛,整租·华东勘察设计院小区 3室1厅 南/北,整租,胶州,北关,华东勘察设计院小区,82.0,3,1,1,南 北,高,7,精装|随时看房,,,700
青岛,合租·鹏欢花园 5居室 复式 南卧,合租,市北,中央CBD,鹏欢花园,18.0,5,1,2,南,高,6,新上|公寓|月租|近地铁|精装|集中供暖|押一付一,鼎汇公寓,3天前维护,520
青岛,整租·鲁昊棠琳湾一期 4室2厅 南,整租,城阳,女姑,鲁昊棠琳湾一期,149.66,4,2,3,南,中,4,精装|集中供暖|随时看房,,,6500
青岛,合租·丁家河小区 5居室 东南卧,合租,黄岛,薛家岛,丁家河小区,15.0,5,1,1,东南,高,7,公寓|月租|近地铁|精装|押一付一|随时看房,华夏管家,2天前维护,500
青岛,整租·万达39克拉 2室1厅 南,整租,市北,中央CBD,万达39克拉,89.67,2,1,1,南,高,31,近地铁|集中供暖|随时看房,链家,3天前维护,2800
青岛,整租·阜安小区 2室1厅 南/北,整租,胶州,阜安,阜安小区,70.0,2,1,1,南 北,中,5,精装,,,500
青岛,整租·中海国际河南社区 2室1厅 南,整租,李沧,枣儿山,中海国际河南社区,85.65,2,1,1,南,中,34,官方核验|近地铁|精装|集中供暖|随时看房,,3天前维护,2300
青岛,合租·西于家河 5居室 南卧,合租,黄岛,保税区,西于家河,15.0,5,1,3,南,高,6,公寓|独立卫生间|月租|押一付一|随时看房,华夏管家,2天前维护,700
青岛,整租·万科桃花源一期 3室2厅 南/北,整租,城阳,家佳源,万科桃花源一期,105.0,3,2,1,南 北,高,13,精装|随时看房,,1天前维护,2300
青岛,整租·上臧家园 3室1厅 南/北,整租,李沧,世园会,上臧家园,109.64,3,1,1,南 北,高,6,精装|集中供暖|随时看房,,,2000
青岛,整租·香港花园铜锣湾 2室1厅 南/北,整租,市南,辛家庄,香港花园铜锣湾,69.25,2,1,1,南 北,高,7,官方核验|近地铁|集中供暖|随时看房,,,2600
青岛,合租·港澳大厦 4居室 西卧,合租,市南,新贵都,港澳大厦,25.0,4,1,2,西,低,32,新上|公寓|月租|近地铁|精装|押一付一,鼎汇公寓,2天前维护,910
青岛,合租·昆仑山庄北区 4居室 南卧,合租,黄岛,保税区,昆仑山庄北区,15.0,4,1,1,南,高,7,公寓|月租|精装|独立阳台|押一付一|随时看房,华夏管家,2天前维护,650
青岛,合租·天泰阳光海岸 5居室 西北卧,合租,黄岛,天泰,天泰阳光海岸,20.0,5,1,2,西北,高,6,公寓|月租|近地铁|押一付一|随时看房,华夏管家,2天前维护,500
青岛,合租·国泰公寓 4居室 复式 西卧,合租,市南,远洋广场,国泰公寓,28.0,4,1,2,西,中,20,公寓|月租|近地铁|独立阳台|集中供暖|押一付一,爱居客,12天前维护,900
青岛,整租·锦湖苑 3室2厅 南/北,整租,黄岛,天泰,锦湖苑,131.44,3,2,2,南 北,低,7,近地铁|精装|集中供暖|双卫生间|随时看房,,,2800
青岛,合租·东李新苑 4居室 南卧,合租,李沧,枣儿山,东李新苑,23.0,4,1,1,南,中,7,公寓|精装|独立阳台|集中供暖|随时看房,23℃公寓,21天前维护,1090
青岛,整租·怡和嘉园北区 2室2厅 南/北,整租,黄岛,薛家岛,怡和嘉园北区,85.85,2,2,1,南 北,中,24,近地铁|精装|集中供暖|随时看房,,,1600
青岛,合租·颐中银街 5居室 南卧,合租,市北,信息城,颐中银街,25.0,5,1,4,南,中,6,公寓|独立卫生间|月租|拎包入住|近地铁|精装|集中供暖|随时看房,可邻公寓,12天前维护,950
青岛,整租·融创澜山壹號 2室2厅 南,整租,城阳,白云山,融创澜山壹號,119.0,2,2,2,南,低,18,精装|集中供暖|双卫生间|随时看房,,今天维护,2000
青岛,整租·北岸·春阳里 3室1厅 南,整租,城阳,上马,北岸·春阳里,89.36,3,1,1,南,中,18,精装|集中供暖,,,1500
青岛,整租·和达萃园 3室1厅 南/北,整租,城阳,白云山,和达萃园,108.0,3,1,1,南 北,中,11,近地铁|精装|集中供暖|随时看房,,,1666
青岛,合租·颐中银街 5居室 北卧,合租,市北,信息城,颐中银街,15.0,5,1,4,北,中,6,公寓|独立卫生间|拎包入住|近地铁|精装|集中供暖|押一付一|随时看房,可邻公寓,17天前维护,650
青岛,整租·宝龙艺墅 4室2厅 复式 南,整租,胶州,少海,宝龙艺墅,248.0,4,2,3,南,低,2,精装|随时看房,,,28000
青岛,合租·哈尔滨路 4居室 东南卧,合租,市北,错埠岭,哈尔滨路,30.0,4,1,1,东南,高,7,公寓|月租|拎包入住|独立阳台|集中供暖|押一付一,海澜轩,6天前维护,700
青岛,整租·碧桂园蓝谷之光 1室1厅 南,整租,即墨区,即墨蓝谷,碧桂园蓝谷之光,45.08,1,1,1,南,低,18,近地铁,,,1100
青岛,合租·中海国际社区河南回迁户 4居室 东南/南卧,合租,李沧,枣儿山,中海国际社区河南回迁户,30.0,4,1,2,东南 南,高,34,公寓|独立卫生间|精装|集中供暖|随时看房,23℃公寓,21天前维护,1790
青岛,整租·银盛泰▪星河城二期 2室1厅 南/北,整租,黄岛,隐珠,银盛泰▪星河城二期,83.0,2,1,1,南 北,低,18,精装|集中供暖,,今天维护,1200
青岛,整租·中海熙岸 2室1厅 南,整租,黄岛,海王路,中海熙岸,88.0,2,1,1,南,高,33,精装|集中供暖|随时看房,,,1300
青岛,整租·青特地铁花屿城 3室2厅 南/北,整租,城阳,夏庄,青特地铁花屿城,101.0,3,2,2,南 北,低,15,精装|集中供暖|双卫生间|随时看房,,3天前维护,1600
青岛,合租·埠东佳苑 5居室 南卧,合租,崂山,国信体育场,埠东佳苑,25.0,5,1,2,南,高,24,公寓|独立阳台|押一付一,明致公寓,7天前维护,1200
青岛,整租·滨海新村 2室1厅 南/北,整租,黄岛,六中,滨海新村,30.0,2,1,1,南 北,高,7,集中供暖,,,800
青岛,整租·云溪城 2室1厅 南,整租,胶州,新城区,云溪城,68.0,2,1,1,南,中,7,集中供暖,,1天前维护,800
青岛,独栋·广和连升公寓 华楼山路地铁站店3 1分钟直达地铁 可月付 民水民电有供暖 房东直租 1室1厅,独栋,,,,30.0,1,1,1,,,0,独栋公寓|近地铁|精装|开放厨房|押一付一,广和连升公寓,1个月前维护,1800
青岛,整租·世茂公园美地 3室2厅 南,整租,城阳,高新区,世茂公园美地,129.0,3,2,2,南,中,17,精装|集中供暖|双卫生间,,,1900
青岛,独栋·广和连升公寓 华楼山路地铁站店3 方正loft-房东直租-可月租可月付-有暖气-民水民电-整租 1室1厅,整租,,,,30.0,1,1,1,,,0,独栋公寓|月租|近地铁|精装|开放厨房|押一付一,广和连升公寓,1个月前维护,2150
青岛,整租·正信城市花园 2室1厅 南/北,整租,即墨区,即墨开发区,正信城市花园,82.0,2,1,1,南 北,中,6,集中供暖,,3天前维护,916
青岛,整租·山东高速·西海岸中心 1室0厅 北,整租,黄岛,唐岛湾,山东高速·西海岸中心,80.0,1,0,1,北,中,40,官方核验|精装|集中供暖,,2天前维护,1983
青岛,整租·新民小区 3室1厅 南/北,整租,即墨区,即墨古城,新民小区,89.0,3,1,1,南 北,高,6,官方核验|精装,,,1000
青岛,整租·融创都会中心 5室2厅 南/北,整租,李沧,下王埠,融创都会中心,198.0,5,2,2,南 北,中,4,集中供暖|双卫生间,,3天前维护,4900
青岛,整租·华仁金都华府 3室2厅 南/北,整租,城阳,上马,华仁金都华府,138.0,3,2,2,南 北,高,21,精装|集中供暖|双卫生间,,,1800
青岛,整租·滨海苑 3室2厅 南/北,整租,黄岛,金沙滩,滨海苑,170.08,3,2,1,南 北,高,6,集中供暖|随时看房,链家,,2300
青岛,独栋·广和连升公寓 华楼山路地铁站店1 长租特惠房东直营 2/3号线通勤 民水电有厨房 住前深度保洁 开间,独栋,,,,43.0,1,0,1,,,0,独栋公寓|月租|近地铁|精装|开放厨房|押一付一,广和连升公寓,1个月前维护,2050-2150
青岛,整租·宏程家天下城市广场 1室1厅 南,整租,黄岛,六中,宏程家天下城市广场,50.1,1,1,1,南,高,29,精装|集中供暖|随时看房,,,900
青岛,独栋·广和连升公寓 华楼山路地铁站店3 破价高窗户型-限时限量-房东直租-可月租可月付-有暖气-民水民电-整租一居 1室1厅,整租,,,,33.0,1,1,1,,,0,独栋公寓|月租|近地铁|精装|押一付一,广和连升公寓,1个月前维护,1150
青岛,独栋·青特缦寓 市北店 可短租 长沙路 新都心 民水民电  开敞一居 1室1厅,独栋,,,,50.0,1,1,1,,,0,独栋公寓|月租|近地铁|精装|有阳台|开放厨房|押一付一,青特缦寓,今天维护,2000
青岛,整租·亨利城 3室2厅 南/北,整租,黄岛,香江路,亨利城,98.0,3,2,1,南 北,低,7,近地铁|精装|集中供暖,,,2600
青岛,整租·卓越宾果公寓 3室1厅 东,整租,李沧,世园会,卓越宾果公寓,58.0,3,1,2,东,低,21,精装|双卫生间,,4天前维护,2400
青岛,独栋·青特缦寓 市北店 可短租 新都心 长沙路地铁 大loft双卧 2室1厅,独栋,,,,50.0,2,1,1,,,0,独栋公寓|月租|近地铁|精装|有阳台|开放厨房|押一付一,青特缦寓,今天维护,2800
青岛,整租·蓝海湾卡地亚 3室2厅 南/北,整租,黄岛,世纪大道,蓝海湾卡地亚,130.0,3,2,2,南 北,中,7,精装|集中供暖|双卫生间,,今天维护,2000
青岛,独栋·广和连升公寓 福临万家店 海尔员工专属优惠 领包入住 台球健身 1室1厅,独栋,,,,40.0,1,1,1,,,0,独栋公寓|月租|拎包入住|近地铁|精装|开放厨房|押一付一,广和连升公寓,1个月前维护,2400
青岛,整租·臻悦府 3室2厅 南/北,整租,黄岛,海西路,臻悦府,111.73,3,2,1,南 北,高,6,集中供暖,,5天前维护,1300
青岛,独栋·华夏管家 团岛店 温馨网红loft公寓C 1室1厅,独栋,,,,15.0,1,1,1,,,0,独栋公寓|月租|近地铁|精装|押一付一,华夏管家,今天维护,590
青岛,整租·供销二区 4室1厅 南,整租,即墨区,即墨古城,供销二区,124.0,4,1,1,南,中,6,集中供暖,,,1333
青岛,独栋·广和连升公寓 福临万家店 民水民电 可月租 2/3号线辽阳东路 集中供暖 1室1厅,独栋,,,,39.0,1,1,1,,,0,独栋公寓|月租|近地铁|精装|押一付一,广和连升公寓,1个月前维护,2050
青岛,整租·港中旅蓝谷壹号 2室1厅 南,整租,即墨区,即墨蓝谷,港中旅蓝谷壹号,90.0,2,1,1,南,中,7,近地铁|精装|集中供暖,,2天前维护,1500
青岛,整租·山东高速·西海岸中心 1室1厅 南,整租,黄岛,唐岛湾,山东高速·西海岸中心,60.0,1,1,1,南,高,40,精装|集中供暖,,,5000
青岛,独栋·广和连升公寓 福临万家店 年轻人的理想公寓！地铁旁，可月付，0中介 1室1厅,独栋,,,,40.0,1,1,1,,,0,独栋公寓|月租|拎包入住|近地铁|精装|开放厨房|押一付一,广和连升公寓,1个月前维护,2400
青岛,整租·康大新城公寓 3室2厅 南/北,整租,黄岛,六中,康大新城公寓,135.0,3,2,2,南 北,高,7,集中供暖|双卫生间,链家,,1100
青岛,整租·东方华庭 3室2厅 南,整租,黄岛,东方影都,东方华庭,138.0,3,2,2,南,高,6,近地铁|集中供暖|双卫生间,链家,5天前维护,1500
青岛,独栋·青岛.恋家 水清沟店 房东直租-限时特价-带暖气，靠近水清沟地铁 1室1厅,独栋,,,,43.0,1,1,1,,,0,独栋公寓|月租|精装|开放厨房,青岛.恋家,今天维护,1480
青岛,整租·阳光公寓 2室1厅 南/北,整租,即墨区,即墨和平,阳光公寓,82.0,2,1,1,南 北,中,5,精装,,,1083
青岛,整租·良辰美景南区 2室1厅 南,整租,市北,中央CBD,良辰美景南区,90.0,2,1,1,南,高,34,精装|集中供暖,,4天前维护,2500
青岛,整租·青岛印象·和 3室2厅 南/北,整租,黄岛,香江路,青岛印象·和,108.99,3,2,2,南 北,中,34,官方核验|近地铁|精装|集中供暖|双卫生间,,,3000
青岛,整租·五月蓝岸 2室2厅 南,整租,黄岛,世纪大道,五月蓝岸,85.0,2,2,1,南,中,26,精装|集中供暖,,,1000
青岛,合租·福岭小区 4居室 南卧,合租,市北,福州北路,福岭小区,20.0,4,1,1,南,高,6,公寓|月租|拎包入住|精装|集中供暖|押一付一,爱居客,23天前维护,550
青岛,整租·天山小区（宁国三路） 2室1厅 南,整租,市南,天山银海,天山小区（宁国三路）,60.0,2,1,1,南,中,6,精装|集中供暖,,1天前维护,2500
青岛,整租·龙湖舜山府 3室2厅 南,整租,城阳,白云山,龙湖舜山府,124.05,3,2,2,南,高,17,官方核验|精装|集中供暖|双卫生间|随时看房,,1天前维护,2700
青岛,整租·院后 2室1厅 南/北,整租,城阳,惜福镇,院后,87.0,2,1,1,南 北,高,7,精装|集中供暖,,,900
青岛,整租·融创维多利亚湾 3室2厅 南,整租,黄岛,黄岛港,融创维多利亚湾,128.88,3,2,2,南,低,34,精装|集中供暖|双卫生间|随时看房,,,1500
青岛,整租·中德生态园沃邦社区一期 3室1厅 南/北,整租,黄岛,红石崖,中德生态园沃邦社区一期,89.0,3,1,1,南 北,高,25,近地铁|精装|集中供暖,,,2200
青岛,合租·鑫源向上 4居室 南卧,合租,市北,新都心,鑫源向上,22.0,4,1,1,南,高,24,公寓|月租|近地铁|精装|押一付一|随时看房,倾城优居,15天前维护,700
青岛,整租·宏程家天下城市广场 1室1厅 南/北,整租,黄岛,六中,宏程家天下城市广场,51.0,1,1,1,南 北,低,33,精装|集中供暖|随时看房,,1天前维护,800
青岛,整租·索菲亚国际中心 2室1厅 西南,整租,黄岛,唐岛湾,索菲亚国际中心,180.0,2,1,0,西南,高,19,近地铁|精装|集中供暖,,,8333
青岛,合租·泛海名人广场 5居室 东卧,合租,市南,远洋广场,泛海名人广场,18.0,5,2,2,东,中,32,公寓|月租|近地铁|独立阳台|押一付一,未来驿站,3天前维护,700
青岛,合租·新时代小区 5居室 东卧,合租,黄岛,香江路,新时代小区,25.0,5,1,3,东,高,6,公寓|月租|精装|独立阳台|押一付一|随时看房,华夏管家,2天前维护,500
青岛,整租·崂山金茂府西区 3室2厅 南,整租,崂山,北村,崂山金茂府西区,117.67,3,2,2,南,低,30,官方核验|精装|集中供暖|双卫生间,,2天前维护,7500
青岛,合租·福苑小区西区 4居室 东南卧,合租,市南,远洋广场,福苑小区西区,21.0,4,1,1,东南,中,6,公寓|月租|近地铁|精装|集中供暖|押一付一,爱居客,12天前维护,800
青岛,合租·福海景苑 5居室 复式 南卧,合租,市南,八大湖,福海景苑,28.0,5,1,3,南,低,3,公寓|月租|精装|独立阳台|集中供暖,爱居客,12天前维护,800
青岛,整租·金岭花园B区 2室1厅 南,整租,崂山,崂山CBD,金岭花园B区,74.97,2,1,1,南,低,6,官方核验|近地铁|精装|集中供暖|随时看房,链家,4天前维护,3000
青岛,合租·芝泉山庄 4居室 复式 南/北卧,合租,市南,湛山,芝泉山庄,15.0,4,1,2,南 北,高,7,新上|公寓|月租|拎包入住|近地铁|精装|集中供暖|押一付一,爱居客,5天前维护,600
青岛,整租·珠山名苑 2室1厅 南/北,整租,黄岛,隐珠,珠山名苑,97.0,2,1,1,南 北,低,18,精装|集中供暖,,,1300
青岛,合租·荣发又一居 5居室 南卧,合租,市北,同安路,荣发又一居,25.0,5,1,1,南,低,11,公寓|近地铁|独立阳台|集中供暖|押一付一,明致公寓,7天前维护,1050
青岛,合租·水乡苑 5居室 南卧,合租,市北,水清沟,水乡苑,25.0,5,1,1,南,中,20,公寓|独立卫生间|近地铁|押一付一,明致公寓,7天前维护,1300
青岛,整租·星光岛玫瑰园 2室1厅 南/北,整租,黄岛,东方影都,星光岛玫瑰园,90.0,2,1,1,南 北,中,18,月租|精装|集中供暖|随时看房,,,1600
青岛,整租·融创红岛湾二期 3室1厅 南/北,整租,城阳,红岛综合片区,融创红岛湾二期,66.0,3,1,2,南 北,中,11,精装|集中供暖|双卫生间,,,1500
青岛,合租·东仲小区 3居室 南卧,合租,市北,北仲,东仲小区,20.0,3,1,1,南,中,6,公寓|近地铁|押一付一,明致公寓,7天前维护,850
青岛,合租·颐中银街 5居室 南卧,合租,市北,信息城,颐中银街,20.0,5,1,4,南,中,6,公寓|月租|拎包入住|近地铁|精装|独立阳台|集中供暖|押一付一|随时看房,可邻公寓,17天前维护,1000
青岛,整租·中欧金茂墅东一区 4室2厅 复式 南/北,整租,城阳,高新区,中欧金茂墅东一区,138.39,4,2,2,南 北,中,4,官方核验|集中供暖|双卫生间,,,1500
青岛,合租·天泰馥香谷一期 4居室 东卧,合租,崂山,雕塑园,天泰馥香谷一期,16.0,4,1,2,东,中,6,公寓|月租|近地铁|押一付一|随时看房,爱居客,12天前维护,700
青岛,整租·罗浮观海 2室2厅 南,整租,黄岛,金沙滩,罗浮观海,86.7,2,2,1,南,低,25,官方核验|精装|集中供暖|随时看房,,,1700
青岛,整租·即发阳光城 3室2厅 南,整租,即墨区,即墨城西,即发阳光城,143.0,3,2,2,南,高,6,精装|集中供暖|双卫生间|随时看房,,,1250
青岛,整租·太平洋梦时代广场 1室1厅 东,整租,黄岛,积米崖,太平洋梦时代广场,45.0,1,1,1,东,高,32,近地铁|精装|集中供暖|随时看房,,,1100
青岛,整租·双利城央府 3室2厅 南/北,整租,城阳,农业大学,双利城央府,116.0,3,2,2,南 北,中,13,精装|集中供暖|双卫生间,,今天维护,3200
青岛,独栋·鼎汇公寓 湛山路店 临芝泉路地铁湛山五四广场，领包入住，无中介费，可月付 开间,独栋,,,,35.0,1,0,1,,,0,独栋公寓|月租|拎包入住|近地铁|精装|开放厨房|押一付一,鼎汇公寓,1天前维护,1500
青岛,独栋·星韵美寓 黄岛店 星韵城特价房源-拎包入住-700起租 1室1厅,独栋,,,,40.0,1,1,1,,,0,独栋公寓|月租|精装|有阳台|开放厨房|押一付一,星韵美寓,7天前维护,700
青岛,整租·青海路 3室2厅 南/北,整租,市北,信息城,青海路,59.9,3,2,1,南 北,中,8,官方核验|近地铁|精装|集中供暖,,,2200
青岛,整租·东方龙域 3室1厅 南/北,整租,李沧,绿城,东方龙域,94.37,3,1,1,南 北,中,13,精装|集中供暖|随时看房,,3天前维护,1950
青岛,整租·辛家庄三小区（三明南路） 3室1厅 南/北,整租,市南,辛家庄,辛家庄三小区（三明南路）,80.0,3,1,1,南 北,高,7,近地铁|集中供暖|随时看房,,2天前维护,2400
青岛,整租·山海湾 3室2厅 南/北,整租,黄岛,安子片区,山海湾,146.18,3,2,2,南 北,中,33,近地铁|精装|集中供暖|双卫生间|随时看房,链家,,2400
青岛,整租·华阳路 2室1厅 南,整租,市北,台东,华阳路,60.0,2,1,1,南,中,8,近地铁|集中供暖,,,1500
青岛,整租·和惠居 2室1厅 南,整租,市南,大学路,和惠居,50.0,2,1,1,南,低,6,近地铁|精装|集中供暖,,,4167
青岛,独栋·星韵美寓 黄岛店 星韵城整租套一-距双珠路地铁站-可月租月付700起 1室1厅,整租,,,,40.0,1,1,1,,,0,独栋公寓|月租|精装|有阳台|开放厨房,星韵美寓,7天前维护,700
青岛,整租·中海御湖 3室2厅 南/北,整租,胶州,少海,中海御湖,128.0,3,2,2,南 北,中,7,精装|集中供暖|双卫生间,,2天前维护,1500
青岛,整租·复兴社区C区 2室1厅 南,整租,黄岛,西客站,复兴社区C区,80.0,2,1,1,南,低,15,精装,,1天前维护,900
青岛,整租·永合鼎泰丰 3室1厅 南,整租,即墨区,即墨城西,永合鼎泰丰,100.0,3,1,1,南,中,6,集中供暖,,,1100
青岛,整租·港城新苑 2室1厅 南/北,整租,黄岛,泊里,港城新苑,78.0,2,1,1,南 北,高,7,精装|随时看房,,5天前维护,550
青岛,独栋·星韵美寓 黄岛店 星韵城套一整租-城中心的好位置，民水民电拎包入住 1室1厅,整租,,,,40.0,1,1,1,,,0,新上|独栋公寓|月租|精装|有阳台|开放厨房,星韵美寓,3天前维护,700
青岛,独栋·星韵美寓 黄岛店 星韵城-房东直租无中介-阳光好房700起 1室1厅,独栋,,,,40.0,1,1,1,,,0,独栋公寓|月租|精装|有阳台|开放厨房,星韵美寓,7天前维护,700
青岛,整租·金都新村 2室1厅 南/北,整租,市南,麦岛,金都新村,104.0,2,1,1,南 北,中,5,精装|集中供暖,,,4500
青岛,独栋·星韵美寓 黄岛店 星韵城整租套-紧邻人民医院、商超-可月租月付 1室1厅,整租,,,,40.0,1,1,1,,,0,独栋公寓|月租|精装|有阳台|开放厨房,星韵美寓,7天前维护,700
青岛,整租·保利茉莉公馆 3室2厅 南,整租,李沧,李沧万达,保利茉莉公馆,129.19,3,2,1,南,中,29,近地铁|精装|集中供暖,,4天前维护,3400
青岛,独栋·星韵美寓 黄岛店 星韵城套一-民水民电可短租-拎包住 1室1厅,独栋,,,,40.0,1,1,1,,,0,独栋公寓|月租|精装|有阳台|开放厨房,星韵美寓,7天前维护,700
青岛,整租·华地仟佰墅 5室2厅 南/北,整租,城阳,流亭,华地仟佰墅,136.0,5,2,3,南 北,中,4,精装|集中供暖|随时看房,,4天前维护,4500
青岛,整租·福林小区（大尧二路） 2室1厅 南/北,整租,市南,大尧,福林小区（大尧二路）,60.0,2,1,1,南 北,低,6,集中供暖,链家,4天前维护,2100
青岛,独栋·星韵美寓 黄岛店 星韵城整租套一阳光房-拎包入住，可月租月付 1室1厅,整租,,,,40.0,1,1,1,,,0,独栋公寓|月租|精装|有阳台|开放厨房,星韵美寓,7天前维护,800
青岛,整租·滨海康城一期 2室1厅 南/北,整租,市北,闫家山,滨海康城一期,67.26,2,1,1,南 北,中,29,精装|集中供暖,,,2500
青岛,独栋·星韵美寓 黄岛店 星韵城整租套一边户向南-双人床-可月租月付 1室1厅,整租,,,,40.0,1,1,1,,,0,独栋公寓|月租|精装|有阳台|开放厨房,星韵美寓,7天前维护,700
青岛,整租·天泰城迦南美地 1室2厅 复式 南/北,整租,城阳,东方城西,天泰城迦南美地,76.86,1,2,1,南 北,高,15,随时看房,,今天维护,1300
青岛,整租·新园小区 2室1厅 南,整租,市北,闫家山,新园小区,57.71,2,1,1,南,高,6,精装|集中供暖|随时看房,,5天前维护,1550
青岛,独栋·星韵美寓 黄岛店 星韵城房东直租-15层阳光好-可合租整租月付 1室1厅,整租,,,,40.0,1,1,1,,,0,独栋公寓|月租|精装|有阳台|开放厨房,星韵美寓,7天前维护,700
青岛,整租·融创公馆A2区 1室1厅 东/北,整租,黄岛,东方影都,融创公馆A2区,67.42,1,1,1,东 北,低,33,近地铁|精装|集中供暖|随时看房,链家,,1200
青岛,独栋·彼寓 顺兴路店 合同签2个月，可以月付，有空调，没暖气，不可养狗 1室1厅,独栋,,,,18.0,1,1,1,,,0,新上|独栋公寓|月租|近地铁|精装|押一付一,彼寓,1天前维护,950
青岛,整租·红星国际广场二期 2室2厅 南,整租,黄岛,海王路,红星国际广场二期,39.33,2,2,1,南,中,13,精装|随时看房,,1天前维护,1300
青岛,整租·孟庄路 2室1厅 南,整租,市北,大港小港,孟庄路,52.0,2,1,1,南,中,7,近地铁|集中供暖,,,1500
青岛,整租·海尔产城创云街 1室1厅 北,整租,市北,新都心,海尔产城创云街,38.46,1,1,1,北,高,15,近地铁|集中供暖|随时看房,,3天前维护,1800
青岛,独栋·柚米寓 井冈山路店 【近井冈山路地铁 石油大学附近】 整租独卫 限时特价 免费停车 1室1厅,整租,,,,35.0,1,1,1,,,0,独栋公寓|月租|近地铁|精装|开放厨房|押一付一,柚米寓,7天前维护,1292
青岛,独栋·沐澜公寓 杭州路店 【可月租】市北 北岭地铁 精品小套一 开间,独栋,,,,25.0,1,0,1,,,0,独栋公寓|月租|近地铁|精装|开放厨房|押一付一,沐澜公寓,1天前维护,850
青岛,整租·龙泽园 2室1厅 南/北,整租,黄岛,老城区,龙泽园,75.9,2,1,1,南 北,中,7,精装,,3天前维护,800
青岛,整租·融创·影都壹號 3室2厅 南,整租,黄岛,两河,融创·影都壹號,120.0,3,2,2,南,高,17,近地铁|精装|集中供暖|双卫生间,,,3000
青岛,整租·城建鼎都 1室1厅 东/北,整租,市北,福州北路,城建鼎都,52.6,1,1,1,东 北,中,30,近地铁|精装|集中供暖|随时看房,,5天前维护,2100
青岛,整租·麗山国际 2室1厅 南/北,整租,即墨区,即墨创智新区,麗山国际,88.65,2,1,1,南 北,低,14,官方核验|集中供暖|随时看房,,3天前维护,1200
青岛,独栋·读寓 广饶路店 广饶路地铁站 100米  包水费 物业费 网费 1室1厅,独栋,,,,30.0,1,1,1,,,0,新上|独栋公寓|月租|近地铁|精装|开放厨房|押一付一,读寓,1天前维护,1480
青岛,独栋·壹间青年公寓 广饶路地铁站店 淡季超底价-稳住最低价-民水民电-店长直租 1室1厅,独栋,,,,22.0,1,1,1,,,0,新上|独栋公寓|月租|近地铁|精装|开放厨房,壹间青年公寓,2天前维护,1600
青岛,整租·城市生活家北区 2室2厅 南,整租,市南,天山银海,城市生活家北区,110.0,2,2,1,南,低,18,精装|集中供暖|随时看房,链家,1天前维护,3500
青岛,整租·苏荷 1室1厅 南,整租,即墨区,即墨创智新区,苏荷,35.23,1,1,1,南,中,14,官方核验|精装|集中供暖|随时看房,,,1100
青岛,独栋·广和连升公寓 华楼山路地铁站店1 房东直营 24h专职维保 民水电有厨房 地铁2/3号线便捷通勤 1室1厅,独栋,,,,42.0,1,1,1,,,0,独栋公寓|月租|近地铁|精装|开放厨房|押一付一,广和连升公寓,3个月前维护,2050
青岛,整租·蔚蓝群岛三期 3室2厅 南/北,整租,城阳,女姑,蔚蓝群岛三期,84.98,3,2,1,南 北,高,10,精装|集中供暖|随时看房,,5天前维护,1500
青岛,整租·海印长天 1室1厅 南,整租,黄岛,积米崖,海印长天,58.45,1,1,1,南,中,8,精装|集中供暖,,5天前维护,1100
青岛,整租·万达维多利亚湾 3室2厅 东/南,整租,黄岛,黄岛港,万达维多利亚湾,113.11,3,2,2,东 南,低,33,精装|集中供暖|双卫生间,链家,,1400
青岛,独栋·广和连升公寓 华楼山路地铁站店3 每月减200海尔员工专属特惠 南向大窗+健身台球-房东直租-可月租可月付-有暖气-民水民电-整租一居 1室1厅,整租,,,,40.0,1,1,1,,,0,独栋公寓|月租|近地铁|精装|开放厨房|押一付一,广和连升公寓,1个月前维护,2150
青岛,整租·银座华府 1室1厅 东北,整租,李沧,李村公园,银座华府,68.0,1,1,1,东北,中,21,近地铁|精装|集中供暖,,,2300
青岛,独栋·夏天公寓 星韵城店 星韵城青年单间公寓·近公交站·满配家电·拎包入住 1室1厅,独栋,,,,40.0,1,1,1,,,0,独栋公寓|月租|精装|有阳台|开放厨房,夏天公寓,1天前维护,700
青岛,整租·千禧银杏苑 2室2厅 南/北,整租,黄岛,江山南路,千禧银杏苑,90.82,2,2,1,南 北,低,18,官方核验|集中供暖|随时看房,链家,5天前维护,1800
青岛,整租·融创公馆A2区 1室1厅 北,整租,黄岛,东方影都,融创公馆A2区,50.0,1,1,1,北,中,24,近地铁|精装|集中供暖|随时看房,链家,,1200
青岛,整租·九方海悦华庭 2室2厅 南,整租,黄岛,六中,九方海悦华庭,79.48,2,2,1,南,高,23,精装|集中供暖,,4天前维护,1200
青岛,整租·台西纬二路 2室0厅 西南,整租,市南,西镇,台西纬二路,45.0,2,0,1,西南,低,8,近地铁|精装|集中供暖,,,1800
青岛,整租·良辰美景南区 3室1厅 南,整租,市北,中央CBD,良辰美景南区,119.51,3,1,1,南,低,34,近地铁|精装|集中供暖|随时看房,链家,2天前维护,3800
青岛,整租·竹韵山色 1室2厅 南,整租,崂山,北村,竹韵山色,67.85,1,2,1,南,低,15,集中供暖|随时看房,,,2666
青岛,整租·辛屯社区 3室2厅 南/北,整租,黄岛,两河,辛屯社区,130.0,3,2,2,南 北,高,11,近地铁|集中供暖|双卫生间,,,1600
青岛,整租·边防公寓 2室2厅 南,整租,市北,同安路,边防公寓,97.99,2,2,1,南,低,18,精装|集中供暖,链家,,3000
青岛,独栋·彼寓 顺兴路店 合同签2个月，可以月付，有空调，没暖气，不可养狗 1室1厅,独栋,,,,18.0,1,1,1,,,0,新上|独栋公寓|月租|近地铁|精装|押一付一,彼寓,1天前维护,950
青岛,整租·实验小区 1室1厅 南/北,整租,市北,四方实验小区,实验小区,54.61,1,1,1,南 北,低,6,近地铁|精装|集中供暖,,,1700
青岛,独栋·夏天公寓 盐滩小区店 老黄岛 盐滩小区 精装套二 可月付 可短租近国货中集 2室1厅,独栋,,,,81.0,2,1,1,,,0,独栋公寓|月租|精装|有阳台|开放厨房|押一付一,夏天公寓,1天前维护,900
青岛,整租·仁和居西区 2室1厅 南,整租,城阳,城阳实验二小,仁和居西区,93.0,2,1,1,南,高,6,近地铁|精装|集中供暖,,3天前维护,1300
青岛,整租·兰东社区 2室1厅 南/北,整租,黄岛,薛家岛,兰东社区,65.0,2,1,1,南 北,高,6,近地铁|集中供暖|随时看房,,4天前维护,1200
青岛,整租·埠西花园 1室1厅 南/西北,整租,市北,同安路,埠西花园,57.0,1,1,1,南 西北,低,7,近地铁|精装|集中供暖,,5天前维护,1350
青岛,独栋·夏天公寓 星韵城店 星韵城精装套一·独立阳台·近公交站·满装家具·拎包入住 1室1厅,独栋,,,,40.0,1,1,1,,,0,独栋公寓|月租|精装|有阳台|开放厨房,夏天公寓,1天前维护,700
青岛,独栋·中韦丽寓 伊春路店 靠近凯德，整租套一，有暖气，民水民电-104室 开间,整租,,,,55.0,1,0,1,,,0,独栋公寓|月租|近地铁|精装|押一付一,中韦丽寓,1个月前维护,1550
青岛,独栋·邂寓公寓 理工大学店 精致一居，可月付，独门独户整租 1室1厅,整租,,,,35.0,1,1,1,,,0,独栋公寓|近地铁|精装|开放厨房|押一付一,邂寓公寓,1天前维护,1780
青岛,整租·天台路 1室1厅 南,整租,市南,田家花园,天台路,43.0,1,1,1,南,高,7,集中供暖,,2天前维护,1600
青岛,整租·青铁华润城商业 1室1厅 东,整租,崂山,东韩,青铁华润城商业,40.34,1,1,1,东,中,21,近地铁|精装|随时看房,链家,,2300
青岛,整租·虎山公寓 2室1厅 南/北,整租,李沧,下王埠,虎山公寓,64.44,2,1,1,南 北,中,7,近地铁|精装,,5天前维护,1600
青岛,整租·龙翔广场 3室2厅 南,整租,市南,五四广场,龙翔广场,205.0,3,2,2,南,低,4,近地铁|精装|双卫生间,,,15000
青岛,独栋·广和连升公寓 华楼山路地铁站店1 房东直租限时钜惠 年租每月减二百 民水电集中供暖 近地铁 开间,独栋,,,,30.0,1,0,1,,,0,独栋公寓|月租|拎包入住|近地铁|精装|开放厨房|押一付一,广和连升公寓,3个月前维护,2300
青岛,独栋·壹间青年公寓 广饶路地铁站店 1号线地铁口20米，店长直租，独栋洋房，海信家电，民水民电 开间,独栋,,,,25.0,1,0,1,,,0,独栋公寓|月租|近地铁|精装|押一付一,壹间青年公寓,4天前维护,1100
青岛,整租·金沙滩壹号 1室1厅 南,整租,黄岛,金沙滩,金沙滩壹号,53.32,1,1,1,南,低,34,精装|集中供暖|随时看房,,4天前维护,1750
青岛,整租·山钢东部新天地 2室1厅 南,整租,崂山,张村,山钢东部新天地,55.62,2,1,1,南,高,16,官方核验|精装|集中供暖,,,4200
青岛,整租·瑜公馆 3室2厅 南/北,整租,黄岛,江山南路,瑜公馆,111.2,3,2,1,南 北,中,18,近地铁|精装|集中供暖,,今天维护,4500
青岛,独栋·读寓 广饶路店 广饶路地铁站 100米  包水费 物业费 网费 1室1厅,独栋,,,,30.0,1,1,1,,,0,新上|独栋公寓|月租|近地铁|精装|开放厨房|押一付一,读寓,1天前维护,1480
青岛,整租·和达·可园 3室2厅 南/北,整租,黄岛,临港工业区,和达·可园,108.0,3,2,2,南 北,中,18,精装|集中供暖|双卫生间|随时看房,,,1300
青岛,整租·新贵都一期 3室2厅 南/北,整租,市南,新贵都,新贵都一期,120.08,3,2,2,南 北,中,8,官方核验|近地铁|精装|集中供暖|双卫生间,,1天前维护,5800
青岛,整租·台湾花园 3室1厅 南,整租,市南,麦岛,台湾花园,102.0,3,1,1,南,中,6,近地铁|精装|集中供暖,链家,4天前维护,3600
青岛,整租·吉安君庭 3室2厅 南/北,整租,黄岛,老城区,吉安君庭,120.0,3,2,2,南 北,低,10,精装|双卫生间,,1天前维护,1200
青岛,独栋·星韵美寓 黄岛店 星韵城整租-房东直租-可短租配置全新 1室1厅,整租,,,,40.0,1,1,1,,,0,独栋公寓|月租|精装|有阳台|开放厨房,星韵美寓,7天前维护,700
青岛,独栋·壹间青年公寓 广饶路地铁站店 淡季超底价-稳住最低价-民水民电-店长直租 1室1厅,独栋,,,,22.0,1,1,1,,,0,新上|独栋公寓|月租|近地铁|精装|开放厨房,壹间青年公寓,2天前维护,1600
青岛,整租·仲村新小区东区 2室1厅 南,整租,城阳,白云山,仲村新小区东区,80.0,2,1,1,南,高,7,精装|集中供暖,,3天前维护,1200
青岛,独栋·广和连升公寓 华楼山路地铁站店1 房东直营 24h专职维保 民水电有厨房 地铁2/3号线便捷通勤 1室1厅,独栋,,,,42.0,1,1,1,,,0,独栋公寓|月租|近地铁|精装|开放厨房|押一付一,广和连升公寓,3个月前维护,2050
青岛,整租·欧美榭香里 2室1厅 南/北,整租,黄岛,隐珠,欧美榭香里,87.0,2,1,1,南 北,高,17,精装|集中供暖,,5天前维护,1500
青岛,整租·澳门花园(崂山) 3室2厅 南/北,整租,崂山,雕塑园,澳门花园(崂山),129.2,3,2,2,南 北,低,6,近地铁|精装|集中供暖|双卫生间,,今天维护,6000
青岛,整租·仲村新小区东区 2室2厅 南/北,整租,城阳,白云山,仲村新小区东区,80.0,2,2,1,南 北,中,8,精装|集中供暖,,,1250
青岛,独栋·初寓 福州北路店 南向空调冰箱 开间,独栋,,,,35.0,1,0,1,,,0,独栋公寓|月租|拎包入住|精装|开放厨房|押一付一,初寓,今天维护,1050
青岛,整租·银座公寓 3室1厅 南/北,整租,市南,团岛,银座公寓,128.89,3,1,1,南 北,高,26,官方核验|近地铁|集中供暖|随时看房,,,2500
青岛,整租·怡景园 2室1厅 南,整租,莱西,莱西,怡景园,85.7,2,1,1,南,高,6,精装|集中供暖,,,450
青岛,独栋·初寓 福州北路店 空调冰箱暗间 开间,独栋,,,,20.0,1,0,1,,,0,独栋公寓|月租|拎包入住|精装|开放厨房|押一付一,初寓,今天维护,610
青岛,独栋·初寓 大尧二路店 不收中介费，长租，精装修 开间,独栋,,,,22.0,1,0,1,,,0,独栋公寓|月租|精装|开放厨房,初寓,今天维护,780
青岛,独栋·初寓 福州北路店 福州北路-CBD-东向 开间,独栋,,,,25.0,1,0,1,,,0,独栋公寓|月租|拎包入住|精装|开放厨房|押一付一,初寓,今天维护,690
青岛,整租·锦都家园 2室2厅 南/北,整租,黄岛,薛家岛,锦都家园,93.45,2,2,1,南 北,中,29,官方核验|近地铁|集中供暖|随时看房,,,1600
青岛,独栋·初寓 福州北路店 公寓直租东向 开间,独栋,,,,25.0,1,0,1,,,0,独栋公寓|月租|精装|开放厨房|押一付一,初寓,今天维护,770
青岛,独栋·初寓 浮山后店 139 1室1厅,独栋,,,,22.0,1,1,1,,,0,独栋公寓|月租|拎包入住|近地铁|精装|押一付一,初寓,今天维护,650
青岛,整租·镇江路铁路小区二期 2室1厅 南/北,整租,市北,海泊河,镇江路铁路小区二期,73.58,2,1,1,南 北,高,7,官方核验|精装|集中供暖,,2天前维护,2500
青岛,"独栋·初寓 辽阳东路店 套二，南北卧，精装修,紧靠万象汇 2室1厅",独栋,,,,86.0,2,1,1,,,0,独栋公寓|月租|近地铁|精装|开放厨房,初寓,今天维护,2700
青岛,整租·绿城晓风湖畔 4室2厅 南,整租,李沧,绿城,绿城晓风湖畔,163.32,4,2,2,南,高,4,精装|集中供暖|双卫生间|随时看房,链家,,4000
青岛,独栋·初寓 辽阳东路店 套二，双南卧，精装修，拎包入住 2室1厅,独栋,,,,86.0,2,1,1,,,0,独栋公寓|月租|近地铁|精装|有阳台|开放厨房|押一付一,初寓,今天维护,2700
青岛,独栋·初寓 大连路店 套一精装公寓长租，可做饭，可月付！ 开间,独栋,,,,20.0,1,0,1,,,0,独栋公寓|月租|近地铁|精装|押一付一,初寓,今天维护,1280
青岛,整租·泰州路 3室1厅 南,整租,市南,镇江路,泰州路,95.19,3,1,1,南,中,7,官方核验|月租|近地铁|集中供暖|随时看房,,1天前维护,2500
青岛,整租·玺公馆 3室2厅 南,整租,即墨区,即墨城西,玺公馆,142.0,3,2,1,南,中,32,精装|集中供暖|随时看房,,4天前维护,1600
青岛,整租·盛世香江公馆 1室1厅 南,整租,黄岛,香江路,盛世香江公馆,51.0,1,1,1,南,中,23,官方核验|精装|集中供暖,,,1500
青岛,独栋·初寓 大连路店 精装套一，可做饭 可随时入住，无中介费 开间,独栋,,,,18.0,1,0,1,,,0,独栋公寓|月租|近地铁|精装|开放厨房,初寓,今天维护,1080
青岛,整租·北杭新邸西区 3室2厅 南,整租,即墨区,即墨和平,北杭新邸西区,125.0,3,2,2,南,高,15,精装|双卫生间|随时看房,,,1833
青岛,独栋·初寓 大连路店 精装公寓套一厅 1室1厅,独栋,,,,35.0,1,1,1,,,0,独栋公寓|月租|近地铁|精装|开放厨房,初寓,今天维护,1900
青岛,整租·云府 3室2厅 南/北,整租,黄岛,海西路,云府,117.0,3,2,2,南 北,中,18,精装|双卫生间,,,1300
青岛,独栋·初寓 大尧二路店 免中介费，整租，随时可住 开间,整租,,,,25.0,1,0,1,,,0,独栋公寓|月租|精装|开放厨房,初寓,今天维护,900
青岛,整租·麦迪绅澎湃岛 1室1厅 南,整租,黄岛,积米崖,麦迪绅澎湃岛,45.0,1,1,1,南,低,20,近地铁|精装,,,1500
青岛,独栋·初寓 大尧二路店 长租公寓，1室1厅1卫，随时入住 开间,独栋,,,,16.0,1,0,1,,,0,独栋公寓|月租|精装,初寓,今天维护,720
青岛,整租·电影院小区 2室2厅 南/北,整租,黄岛,薛家岛,电影院小区,92.29,2,2,1,南 北,高,5,官方核验|近地铁|精装|集中供暖|随时看房,链家,,1600
青岛,整租·水榭花都 3室2厅 南/北,整租,城阳,世纪宝龙,水榭花都,117.0,3,2,2,南 北,中,5,精装|集中供暖|双卫生间|随时看房,,2天前维护,2500
青岛,整租·进德街小区 2室1厅 南/北,整租,胶州,阜安,进德街小区,50.0,2,1,1,南 北,低,6,随时看房,,3天前维护,600
青岛,整租·浮山后二小区 2室1厅 南/北,整租,市北,浮山后,浮山后二小区,70.83,2,1,1,南 北,低,1,官方核验|近地铁|精装|集中供暖,链家,,2000
青岛,整租·东风馨苑 3室2厅 南/北,整租,城阳,高新区,东风馨苑,130.0,3,2,2,南 北,中,6,精装|集中供暖|双卫生间,,4天前维护,2000
青岛,整租·金科阳光美镇B区 3室2厅 南,整租,城阳,上马,金科阳光美镇B区,129.0,3,2,2,南,低,15,精装|集中供暖|双卫生间,,2天前维护,1800
青岛,整租·海大家属院 2室1厅 南,整租,崂山,雕塑园,海大家属院,62.0,2,1,1,南,中,7,近地铁|集中供暖,,2天前维护,2100
青岛,合租·瑞禾苑(海口路) 5居室 南卧,合租,市南,麦岛,瑞禾苑(海口路),25.0,5,1,1,南,中,6,新上|公寓|近地铁|押一付一,明致公寓,2天前维护,900
青岛,整租·华裕唐城 3室2厅 南/北,整租,黄岛,唐岛湾,华裕唐城,109.69,3,2,1,南 北,高,27,近地铁|精装|集中供暖|随时看房,,,3200
青岛,合租·福安小区 5居室 南卧,合租,市北,福安,福安小区,15.0,5,1,1,南,低,6,新上|公寓|押一付一,明致公寓,今天维护,600
青岛,合租·颐中银街 2居室 西卧,合租,市北,信息城,颐中银街,30.0,2,0,0,西,中,26,近地铁|集中供暖,,,1800
青岛,整租·天一仁和城 3室1厅 南/北,整租,胶州,九龙,天一仁和城,89.0,3,1,1,南 北,低,9,精装|集中供暖|随时看房,,5天前维护,1200
青岛,整租·海信湖岛世家 3室1厅 东/南/北,整租,市北,海云庵,海信湖岛世家,121.78,3,1,1,东 南 北,高,29,精装|集中供暖|随时看房,,,3500
青岛,合租·雨润星雨华府南区 1居室 北卧,合租,城阳,高新区,雨润星雨华府南区,15.0,1,1,1,北,高,22,官方核验|集中供暖,,4天前维护,600
青岛,整租·帝邦帝海 1室1厅 南,整租,黄岛,六中,帝邦帝海,60.0,1,1,1,南,高,33,官方核验|精装|集中供暖|随时看房,,,900
青岛,整租·宝龙中央尊邸 3室2厅 南,整租,即墨区,即墨古城,宝龙中央尊邸,125.0,3,2,2,南,低,33,精装|集中供暖|双卫生间|随时看房,,4天前维护,1916
青岛,整租·香山花园 2室2厅 南,整租,黄岛,江山南路,香山花园,94.23,2,2,1,南,中,7,近地铁|精装|集中供暖,,,2500
青岛,整租·凯丰·星光荟 1室1厅 南/北,整租,城阳,高新区,凯丰·星光荟,42.11,1,1,1,南 北,中,5,官方核验|精装|集中供暖|随时看房,,4天前维护,1100
青岛,整租·启城福邸 2室1厅 南,整租,城阳,城阳工业园,启城福邸,74.0,2,1,1,南,高,9,精装|集中供暖|随时看房,,,1500
青岛,合租·银禧苑 5居室 南卧,合租,市南,北仲,银禧苑,25.0,5,1,1,南,中,26,新上|公寓|近地铁|押一付一,明致公寓,2天前维护,1100
青岛,合租·旺海花园 5居室 南卧,合租,市南,辛家庄,旺海花园,20.0,5,1,1,南,高,6,新上|公寓|押一付一,明致公寓,2天前维护,750
青岛,合租·金隅和府毓和府 4居室 南卧,合租,市北,北仲,金隅和府毓和府,25.0,4,1,1,南,低,15,新上|公寓|押一付一,明致公寓,今天维护,1000
青岛,合租·康城 4居室 南卧,合租,崂山,汽车东站,康城,25.0,4,1,1,南,中,6,新上|公寓|押一付一,明致公寓,2天前维护,1000
青岛,合租·康城 4居室 南卧,合租,崂山,汽车东站,康城,25.0,4,1,1,南,中,6,新上|公寓|押一付一,明致公寓,2天前维护,1100
青岛,整租·中央国际 2室2厅 东,整租,市南,新贵都,中央国际,95.0,2,2,1,东,中,28,近地铁|精装|集中供暖,链家,,4200
青岛,整租·海逸景园 2室1厅 南,整租,市北,大港小港,海逸景园,92.65,2,1,1,南,高,33,精装|集中供暖,,1天前维护,3500
青岛,整租·万科城市花园一期 3室1厅 南,整租,城阳,家佳源,万科城市花园一期,120.0,3,1,1,南,中,11,集中供暖,,5天前维护,2500
青岛,合租·博思公寓 4居室 南卧,合租,市南,中央CBD,博思公寓,25.0,4,1,1,南,低,15,新上|公寓|押一付一,明致公寓,1天前维护,1100
青岛,整租·东方华庭 1室1厅 南,整租,黄岛,东方影都,东方华庭,63.89,1,1,1,南,中,18,近地铁|精装|集中供暖|随时看房,链家,1天前维护,1200
青岛,合租·天泰新村一二期 3居室 南卧,合租,市南,中央CBD,天泰新村一二期,25.0,3,1,1,南,中,6,新上|公寓|近地铁|独立阳台|押一付一,明致公寓,今天维护,1250
青岛,合租·弘信海滨新村 4居室 南卧,合租,市南,奥帆中心,弘信海滨新村,20.0,4,1,1,南,高,6,新上|公寓|押一付一,明致公寓,今天维护,950
青岛,合租·天林家园 3居室 南卧,合租,崂山,北村,天林家园,20.0,3,1,1,南,低,6,新上|公寓|押一付一,明致公寓,今天维护,950
青岛,整租·山里小区B区 2室2厅 南/北,整租,黄岛,安子片区,山里小区B区,85.0,2,2,1,南 北,高,31,近地铁|精装|集中供暖|随时看房,,4天前维护,1950
青岛,合租·博思公寓 4居室 南卧,合租,市南,中央CBD,博思公寓,25.0,4,1,1,南,低,15,新上|公寓|押一付一,明致公寓,2天前维护,1200
青岛,整租·毛公地社区 2室2厅 南,整租,李沧,世园会,毛公地社区,92.43,2,2,1,南,低,6,精装|集中供暖|随时看房,,,2200
青岛,合租·华青园 5居室 南卧,合租,市南,奥帆中心,华青园,25.0,5,1,1,南,高,7,新上|公寓|近地铁|集中供暖|押一付一,明致公寓,2天前维护,1000
青岛,整租·警苑新居 2室1厅 南,整租,李沧,下王埠,警苑新居,85.0,2,1,1,南,高,9,精装|集中供暖,,,2000
青岛,整租·天山小区（宁国路） 2室1厅 南,整租,市南,天山银海,天山小区（宁国路）,81.38,2,1,1,南,低,6,集中供暖,,,1350
青岛,整租·长春路 3室1厅 南,整租,市北,海泊河,长春路,62.85,3,1,1,南,低,6,官方核验|近地铁|精装|集中供暖|随时看房,,2天前维护,2400
青岛,合租·福安小区 5居室 南卧,合租,市北,福安,福安小区,15.0,5,1,1,南,低,6,新上|公寓|押一付一,明致公寓,今天维护,600
青岛,整租·天台山庄南庄 2室1厅 南/北,整租,市南,田家花园,天台山庄南庄,83.0,2,1,1,南 北,中,4,集中供暖,,今天维护,3000
青岛,整租·石老人花园西小区 1室1厅 南/北,整租,崂山,石老人,石老人花园西小区,56.0,1,1,1,南 北,中,11,精装|集中供暖,,,2000
青岛,合租·银禧苑 5居室 南卧,合租,市南,北仲,银禧苑,25.0,5,1,1,南,中,26,新上|公寓|近地铁|押一付一,明致公寓,2天前维护,1100
青岛,合租·旺海花园 5居室 南卧,合租,市南,辛家庄,旺海花园,20.0,5,1,1,南,高,6,新上|公寓|押一付一,明致公寓,2天前维护,750
青岛,整租·郭家庄小区 2室1厅 南/北,整租,胶州,中云,郭家庄小区,76.23,2,1,1,南 北,中,7,,,5天前维护,800
青岛,整租·百盛 3室1厅 南/北,整租,莱西,莱西,百盛,84.0,3,1,1,南 北,高,7,精装|集中供暖,,4天前维护,600
青岛,整租·青岛印象·和 3室2厅 南/北,整租,黄岛,香江路,青岛印象·和,108.0,3,2,2,南 北,高,34,近地铁|集中供暖|双卫生间,,,3000
青岛,整租·怡景嘉苑 2室1厅 南,整租,即墨区,西元庄,怡景嘉苑,93.0,2,1,1,南,中,19,精装|集中供暖,,,1400
青岛,合租·金隅和府毓和府 4居室 南卧,合租,市北,北仲,金隅和府毓和府,25.0,4,1,1,南,低,15,新上|公寓|押一付一,明致公寓,今天维护,1000
青岛,整租·水乡苑 3室2厅 南/北,整租,市北,水清沟,水乡苑,126.0,3,2,2,南 北,,7,官方核验|近地铁|精装|集中供暖|双卫生间,,4天前维护,2800
青岛,整租·东方时尚中心·海语东方 3室2厅 南/北,整租,黄岛,大珠山,东方时尚中心·海语东方,89.0,3,2,1,南 北,中,16,精装|集中供暖,,,1800
青岛,整租·梧桐园 3室1厅 南/北,整租,黄岛,薛家岛,梧桐园,110.15,3,1,1,南 北,高,6,官方核验|近地铁|集中供暖,,5天前维护,1600
青岛,整租·江苏路 2室1厅 南/北,整租,市南,大学路,江苏路,55.38,2,1,1,南 北,高,6,近地铁|集中供暖,,,1600
青岛,整租·南港小区西区 2室1厅 南,整租,黄岛,薛家岛,南港小区西区,85.73,2,1,1,南,高,6,精装|集中供暖,,1天前维护,1000
青岛,整租·金茂悦东四区 3室2厅 南,整租,城阳,高新区,金茂悦东四区,125.04,3,2,2,南,低,18,官方核验|精装|集中供暖|双卫生间|随时看房,,,1800
青岛,合租·康城 4居室 南卧,合租,崂山,汽车东站,康城,25.0,4,1,1,南,中,6,新上|公寓|押一付一,明致公寓,2天前维护,1000
青岛,整租·万科国家广告产业园 1室1厅 南,整租,城阳,世纪宝龙,万科国家广告产业园,48.0,1,1,1,南,中,9,集中供暖,,2天前维护,1800
青岛,整租·月亮湾 2室1厅 南,整租,黄岛,石油大学,月亮湾,95.05,2,1,1,南,中,11,官方核验|近地铁|精装|集中供暖,,,2000
青岛,整租·沟岔小区 2室1厅 南,整租,城阳,农业大学,沟岔小区,95.0,2,1,1,南,中,7,近地铁|精装,,,1200
青岛,合租·中联·依山伴城颐城 5居室 北卧,合租,崂山,张村,中联·依山伴城颐城,17.0,5,0,2,北,高,31,精装|集中供暖,链家,,1080
青岛,整租·牟家馨苑 3室1厅 东,整租,崂山,松山后,牟家馨苑,100.0,3,1,1,东,中,6,精装|集中供暖,,,3600
青岛,合租·康城 4居室 南卧,合租,崂山,汽车东站,康城,25.0,4,1,1,南,中,6,新上|公寓|押一付一,明致公寓,2天前维护,1100
青岛,整租·汇泉雅居 2室2厅 南/北,整租,黄岛,保税区,汇泉雅居,93.5,2,2,1,南 北,低,6,官方核验|集中供暖|随时看房,,2天前维护,1380
青岛,整租·东风馨苑 2室2厅 南/北,整租,城阳,高新区,东风馨苑,105.0,2,2,1,南 北,中,5,精装|集中供暖,,4天前维护,1400
青岛,合租·博思公寓 4居室 南卧,合租,市南,中央CBD,博思公寓,25.0,4,1,1,南,低,15,新上|公寓|押一付一,明致公寓,1天前维护,1100
青岛,合租·天泰新村一二期 3居室 南卧,合租,市南,中央CBD,天泰新村一二期,25.0,3,1,1,南,中,6,新上|公寓|近地铁|独立阳台|押一付一,明致公寓,今天维护,1250
青岛,独栋·泊寓 公园里店 0中介费！ 近潍柴智慧重工公司 6号线地铁口 品牌公寓一室一厅 精装修 1室1厅,独栋,,,,86.0,1,1,1,,,0,独栋公寓|月租|近地铁|精装|开放厨房,泊寓,2天前维护,1739
青岛,整租·福临万家一期B区 1室1厅 南,整租,李沧,枣儿山,福临万家一期B区,62.97,1,1,1,南,低,7,官方核验|新上|近地铁|精装|集中供暖,,,2400
青岛,整租·山东路（中央商务区） 1室0厅 南,整租,市南,中央CBD,山东路（中央商务区）,33.48,1,0,1,南,中,8,官方核验|近地铁|集中供暖|随时看房,链家,2天前维护,1200
青岛,整租·汇达丽苑 1室1厅 南/北,整租,市北,镇江路,汇达丽苑,63.0,1,1,1,南 北,中,7,近地铁|精装|集中供暖|随时看房,,,2900
青岛,整租·院后 3室2厅 南/北,整租,城阳,惜福镇,院后,150.0,3,2,2,南 北,高,7,精装|集中供暖|双卫生间,,,1000
青岛,整租·名门世家 3室2厅 南,整租,即墨区,即墨城西,名门世家,150.0,3,2,2,南,中,6,精装|集中供暖|双卫生间|随时看房,,5天前维护,1666
青岛,整租·仁和居东区 2室1厅 南,整租,城阳,城阳实验二小,仁和居东区,64.0,2,1,1,南,高,6,精装|集中供暖,,,1200
青岛,独栋·泊寓 公园里店 【整租2居】 可月租！免物业费！家电齐全！拎包入住！地铁上盖 2室0厅,整租,,,,98.0,2,0,1,,,0,独栋公寓|月租|近地铁|精装|开放厨房,泊寓,3天前维护,2300
青岛,整租·弘信山庄 3室2厅 南/北,整租,市南,天山银海,弘信山庄,152.0,3,2,2,南 北,中,10,精装|集中供暖|双卫生间,链家,今天维护,3750
青岛,整租·三盛国际海岸 4室2厅 南,整租,即墨区,即墨蓝谷,三盛国际海岸,137.0,4,2,2,南,高,5,精装|集中供暖|双卫生间,,4天前维护,1000
青岛,合租·上流家园B区 4居室 西卧,合租,李沧,世园会,上流家园B区,18.0,4,0,1,西,高,14,近地铁|精装|集中供暖,,2天前维护,850
青岛,独栋·彩寓 威海路店 02台东整租一居室可月付近台东地铁 海泊桥 海慈医院 1室1厅,整租,,,,30.0,1,1,1,,,0,独栋公寓|月租|近地铁|精装|有阳台|押一付一,彩寓,22天前维护,980
青岛,整租·香港公馆 3室2厅 南/北,整租,莱西,莱西,香港公馆,101.0,3,2,1,南 北,中,11,精装|集中供暖,,,1380
青岛,整租·无棣四路小区 3室0厅 南/北,整租,市北,信息城,无棣四路小区,59.85,3,0,1,南 北,中,7,近地铁|精装|集中供暖|随时看房,,,1800
青岛,整租·龙城御苑 2室1厅 南,整租,黄岛,唐岛湾,龙城御苑,72.17,2,1,1,南,低,26,官方核验|近地铁|精装|集中供暖|随时看房,链家,,2200
青岛,整租·保利观堂西区 3室2厅 南,整租,城阳,白云山,保利观堂西区,106.0,3,2,1,南,高,18,近地铁|精装|集中供暖|随时看房,,,1900
青岛,整租·金日紫都 2室1厅 南,整租,城阳,农业大学,金日紫都,88.0,2,1,1,南,高,19,近地铁|精装|集中供暖|随时看房,,1天前维护,1100
青岛,独栋·彩寓 万寿路店 04台东商圈步行双地铁 万达 利群 啤酒节 无中介费可月付 1室1厅,独栋,,,,35.0,1,1,1,,,0,独栋公寓|月租|近地铁|精装|开放厨房|押一付一,彩寓,23天前维护,1480
青岛,整租·园丁村 2室1厅 南/北,整租,即墨区,即墨城西,园丁村,87.0,2,1,1,南 北,中,7,精装|集中供暖,,,850
青岛,整租·中央公园里 2室1厅 南,整租,李沧,李村公园,中央公园里,112.89,2,1,1,南,低,25,近地铁|集中供暖,,1天前维护,4000
青岛,合租·北江路103号 1居室 南卧,合租,黄岛,香江路,北江路103号,170.5,1,0,0,南,中,7,近地铁|集中供暖|押一付一,,5天前维护,600
青岛,整租·海信绍兴路66号 1室0厅 南,整租,市北,福安,海信绍兴路66号,40.0,1,0,1,南,中,15,近地铁|精装|集中供暖,链家,今天维护,2500
青岛,独栋·彩寓 万寿路店 01台东商圈套二 万达 利群 双地铁 交通便利 可月付 2室0厅,独栋,,,,40.0,2,0,1,,,0,新上|独栋公寓|月租|近地铁|精装|押一付一,彩寓,23天前维护,1700
青岛,独栋·彩寓 台东店 08台东万达 利群 步行街 套一 无中介费 可月付 1室1厅,独栋,,,,35.0,1,1,1,,,0,独栋公寓|月租|近地铁|精装|开放厨房|押一付一,彩寓,22天前维护,1380
青岛,整租·海都汇府 2室2厅 南/北,整租,城阳,白云山,海都汇府,82.0,2,2,1,南 北,低,11,精装|集中供暖,,5天前维护,2088
青岛,合租·金水花园小区 2居室 北卧,合租,李沧,世园会,金水花园小区,20.0,2,1,1,北,中,7,集中供暖,链家,3天前维护,500
青岛,整租·蔚蓝创新天地 1室1厅 南,整租,城阳,白云山,蔚蓝创新天地,38.0,1,1,1,南,低,18,精装,,2天前维护,1700
青岛,整租·水悦城 2室1厅 南,整租,城阳,城阳实验二小,水悦城,92.0,2,1,1,南,低,11,精装|集中供暖|随时看房,,,2000
青岛,整租·玉皇花园 2室2厅 南/北,整租,城阳,夏庄,玉皇花园,85.0,2,2,1,南 北,低,7,集中供暖,,,1050
青岛,独栋·彩寓 威海路店 01 房东直租台东套二 近海泊桥 台东步行街 2室1厅,独栋,,,,45.0,2,1,1,,,0,独栋公寓|月租|近地铁|精装|押一付一,彩寓,22天前维护,1480
青岛,整租·风和日丽 2室1厅 南/北,整租,黄岛,石油大学,风和日丽,105.0,2,1,1,南 北,中,5,近地铁|集中供暖,,,2000
青岛,独栋·泊寓 未来店 东向【首月减300】临地铁鸿泰广场商圈 押一付一 地暖房 开间,独栋,,,,39.0,1,0,1,,,0,独栋公寓|月租|近地铁|精装|押一付一,泊寓,3天前维护,1456
青岛,整租·九方海悦华庭 2室2厅 南,整租,黄岛,六中,九方海悦华庭,82.6,2,2,1,南,中,17,精装|集中供暖|随时看房,,,1100
青岛,整租·奥林春天 3室2厅 南,整租,胶州,上合,奥林春天,126.0,3,2,2,南,低,23,精装|双卫生间,,2天前维护,1200
青岛,整租·丹山路 2室0厅 南,整租,市北,大学路,丹山路,51.0,2,0,1,南,中,7,近地铁|集中供暖|随时看房,,2天前维护,1800
青岛,整租·黄海·铂寓 3室1厅 南/北,整租,黄岛,薛家岛,黄海·铂寓,92.86,3,1,1,南 北,高,22,月租|近地铁|精装|集中供暖,,,3200
青岛,独栋·泊寓 中山路店 【无中介费 长租特价1098起】押一付一  地铁一号线 开间,独栋,,,,26.0,1,0,1,,,0,独栋公寓|月租|近地铁|精装|开放厨房|押一付一,泊寓,1个月前维护,1098-1350
青岛,整租·新城海韵名邦一区 2室2厅 南,整租,胶州,上合,新城海韵名邦一区,105.0,2,2,1,南,中,25,精装|随时看房,,,1000
青岛,独栋·魔方公寓 青岛创智新区店 长租特惠精装公寓近公园商场 开间,独栋,,,,8.0,1,0,0,,,0,独栋公寓|月租|精装|押一付一,魔方公寓,3天前维护,550
青岛,独栋·泊寓 中山路店 【月租短租1200/月起 电费自缴】押一付一 栈桥中山路地铁沿线 复式loft 开间,独栋,,,,25.0,1,0,1,,,0,独栋公寓|月租|近地铁|精装|押一付一,泊寓,1个月前维护,1800
青岛,整租·WFC协信中心 1室1厅 南,整租,崂山,崂山CBD,WFC协信中心,50.0,1,1,1,南,中,43,近地铁|精装|随时看房,,,3500
青岛,整租·中海银海1号 3室1厅 南/北,整租,市南,天山银海,中海银海1号,165.25,3,1,2,南 北,中,29,集中供暖|双卫生间|随时看房,,1天前维护,5000
青岛,独栋·城寓公寓 台东二店 台东 精装 带厨房 电梯房 套一 1室1厅,独栋,,,,35.0,1,1,1,,,0,独栋公寓|月租|近地铁|精装|开放厨房|押一付一,城寓公寓,2天前维护,880
青岛,整租·东方影都星朗 4室2厅 南,整租,黄岛,东方影都,东方影都星朗,171.0,4,2,2,南,中,37,精装|集中供暖|双卫生间,,,5000
青岛,独栋·城寓公寓 台东二店 台东 特惠 电梯房 开间,独栋,,,,25.0,1,0,1,,,0,新上|独栋公寓|月租|近地铁|精装|押一付一,城寓公寓,2天前维护,580
青岛,整租·银盛泰德郡 3室2厅 东,整租,城阳,惜福镇,银盛泰德郡,87.0,3,2,1,东,高,22,精装|集中供暖|随时看房,,,1500
青岛,整租·恒苑小区 2室2厅 南,整租,市北,福州北路,恒苑小区,120.0,2,2,1,南,高,4,近地铁|集中供暖,,5天前维护,3000
青岛,整租·欧美世纪花园 2室1厅 南,整租,黄岛,六中,欧美世纪花园,93.0,2,1,1,南,中,30,精装|集中供暖|随时看房,,2天前维护,1100
青岛,整租·华远汤米公馆 4室3厅 复式 南/北,整租,市北,福州北路,华远汤米公馆,209.0,4,3,2,南 北,高,7,精装|集中供暖|双卫生间,,4天前维护,9100
青岛,整租·首创空港国际中心 1室1厅 南,整租,城阳,流亭,首创空港国际中心,58.83,1,1,1,南,中,8,近地铁|精装,,2天前维护,2500
青岛,整租·荣盛锦绣外滩 3室2厅 南,整租,胶州,上合,荣盛锦绣外滩,120.0,3,2,2,南,低,25,精装|集中供暖|双卫生间,,,1050
青岛,整租·国信雍翠湾 2室1厅 南/北,整租,即墨区,即墨古城,国信雍翠湾,91.79,2,1,1,南 北,低,14,集中供暖|随时看房,,,833
青岛,整租·新贵都一期 5室3厅 南,整租,市南,新贵都,新贵都一期,192.0,5,3,2,南,高,8,近地铁|精装|集中供暖|双卫生间,,,8499
青岛,独栋·泊寓 公园里店 近中德产业园 6号线地铁沿线、押一付一、独立卫浴、可做饭 开间,独栋,,,,65.0,1,0,1,,,0,独栋公寓|月租|近地铁|精装|开放厨房,泊寓,1天前维护,1207-1359
青岛,整租·长水山庄 5室3厅 南,整租,城阳,惜福镇,长水山庄,305.37,5,3,3,南,低,3,月租|精装,,,18000
青岛,整租·绿地观澜半岛 5室2厅 南/北,整租,城阳,高新区,绿地观澜半岛,350.0,5,2,4,南 北,低,4,,,,4500
青岛,整租·融创中心星望 3室1厅 南/北,整租,黄岛,海王路,融创中心星望,110.0,3,1,1,南 北,低,32,集中供暖|随时看房,,,900
青岛,整租·阜东小区 2室2厅 南/北,整租,胶州,阜安,阜东小区,64.0,2,2,1,南 北,高,6,,,,500
青岛,独栋·青澜公寓 城阳-农业大学店 农大地铁 大润发 电梯房 1室1厅,独栋,,,,35.0,1,1,1,,,0,新上|独栋公寓|月租|近地铁|押一付一,青澜公寓,2天前维护,1280
青岛,整租·隆基家源 3室2厅 南,整租,黄岛,唐岛湾,隆基家源,154.0,3,2,2,南,高,31,近地铁|精装|集中供暖|双卫生间,,,3333
青岛,整租·北仲二路 2室1厅 南/北,整租,市北,北仲,北仲二路,51.33,2,1,1,南 北,中,8,官方核验|精装|集中供暖,,4天前维护,1900
青岛,合租·美寓天城北区 1居室 南卧,合租,市北,西韩,美寓天城北区,79.26,1,0,0,南,中,16,官方核验|近地铁|集中供暖,,4天前维护,1300
青岛,整租·7080中心广场 1室0厅 南,整租,市北,中央CBD,7080中心广场,78.0,1,0,1,南,高,33,近地铁|精装|集中供暖|随时看房,,5天前维护,3334
青岛,整租·凤凰城 3室1厅 南/北,整租,黄岛,薛家岛,凤凰城,91.74,3,1,1,南 北,中,13,官方核验|近地铁|精装|集中供暖|随时看房,,,1800
青岛,整租·凯景广场 1室1厅 南,整租,市北,中央CBD,凯景广场,65.0,1,1,1,南,低,33,官方核验|近地铁|精装|集中供暖,链家,1天前维护,2900
青岛,整租·金茂悦·东五区 3室2厅 南,整租,城阳,高新区,金茂悦·东五区,117.0,3,2,2,南,高,18,官方核验|精装|集中供暖|双卫生间,,1天前维护,1300
青岛,整租·加州枫景 3室1厅 南,整租,城阳,城阳实验二小,加州枫景,114.0,3,1,2,南,高,12,精装|集中供暖|双卫生间,,,1800
青岛,整租·蔚蓝群岛四期 3室2厅 南/北,整租,城阳,女姑,蔚蓝群岛四期,85.38,3,2,1,南 北,中,11,官方核验|精装|集中供暖,,,1600
青岛,整租·恒大金沙滩C地块 1室1厅 南,整租,黄岛,金沙滩,恒大金沙滩C地块,32.63,1,1,1,南,中,21,官方核验|月租|精装|集中供暖|随时看房,,4天前维护,1100
青岛,整租·北仲一支路散盘 2室1厅 南,整租,市北,北仲,北仲一支路散盘,66.28,2,1,1,南,高,8,官方核验|精装|集中供暖,链家,,2400
青岛,整租·万科金域华府 3室2厅 南,整租,城阳,白云山,万科金域华府,112.0,3,2,2,南,高,14,精装|集中供暖|双卫生间,,5天前维护,3200
青岛,整租·双龙园 4室2厅 南/北,整租,崂山,雕塑园,双龙园,108.61,4,2,1,南 北,中,5,官方核验|近地铁|精装|集中供暖|随时看房,,5天前维护,5000
青岛,整租·华易春之都 2室2厅 南,整租,李沧,书院路,华易春之都,79.43,2,2,1,南,低,6,官方核验|集中供暖|随时看房,,2天前维护,1950
青岛,整租·中海国际河南社区 2室1厅 南/北,整租,李沧,枣儿山,中海国际河南社区,94.91,2,1,1,南 北,低,34,官方核验|近地铁|精装|集中供暖,,,2600
青岛,整租·湖山美地二期 2室1厅 南/北,整租,李沧,下王埠,湖山美地二期,86.53,2,1,1,南 北,低,30,官方核验|精装|集中供暖,链家,,2100
青岛,整租·厚德森林国际 2室2厅 南,整租,城阳,流亭,厚德森林国际,106.0,2,2,1,南,低,11,精装|集中供暖|随时看房,,,1700
青岛,整租·海信都市果岭 3室2厅 南/北,整租,崂山,张村,海信都市果岭,140.0,3,2,2,南 北,中,31,新上|近地铁|精装|集中供暖|双卫生间,,4天前维护,4200
青岛,整租·福润山庄建飞花园四期 4室2厅 南/北,整租,崂山,雕塑园,福润山庄建飞花园四期,145.16,4,2,3,南 北,高,5,近地铁|精装|集中供暖,链家,,8000
青岛,合租·世茂璀璨天城 3居室 南/北卧,合租,城阳,高新区,世茂璀璨天城,20.0,3,2,2,南 北,高,24,集中供暖|随时看房,,3天前维护,800
青岛,整租·新城海韵名邦一区 3室2厅 南,整租,胶州,上合,新城海韵名邦一区,129.7,3,2,1,南,低,16,官方核验|精装|集中供暖|随时看房,,,1200
青岛,整租·官厅前海园 2室2厅 南/北,整租,黄岛,金沙滩,官厅前海园,92.53,2,2,1,南 北,高,26,官方核验|精装|集中供暖|随时看房,,,1600
青岛,整租·卓越嘉悦 1室1厅 南,整租,城阳,高新区,卓越嘉悦,39.68,1,1,1,南,高,16,集中供暖,,,1100
青岛,整租·恒易慧心园 2室2厅 南/北,整租,崂山,国信体育场,恒易慧心园,91.46,2,2,1,南 北,低,19,官方核验|月租|精装|集中供暖|随时看房,,,3000
青岛,整租·百通馨苑一区 2室1厅 南,整租,李沧,下王埠,百通馨苑一区,80.88,2,1,1,南,低,6,官方核验|精装|集中供暖|随时看房,链家,,2150
青岛,整租·胶州碧桂园湖悦天境 3室2厅 南/北,整租,胶州,上合,胶州碧桂园湖悦天境,113.0,3,2,2,南 北,低,31,精装|双卫生间|随时看房,,,1000
青岛,整租·翡翠城东区 2室1厅 南,整租,莱西,莱西,翡翠城东区,80.0,2,1,1,南,高,15,精装|集中供暖,,,750
青岛,整租·中海国际南庄社区 2室1厅 南,整租,李沧,枣儿山,中海国际南庄社区,74.0,2,1,1,南,低,27,精装|集中供暖,链家,3天前维护,2300
青岛,整租·宝龙中央尊邸 3室2厅 南,整租,即墨区,即墨古城,宝龙中央尊邸,125.0,3,2,1,南,高,33,精装|集中供暖,,,1250
青岛,整租·上臧家园 3室2厅 南/北,整租,李沧,世园会,上臧家园,110.0,3,2,1,南 北,高,6,精装|集中供暖|随时看房,链家,,2200
青岛,整租·绿城理想之城诚园西区 2室1厅 南/北,整租,李沧,绿城,绿城理想之城诚园西区,90.0,2,1,1,南 北,低,13,精装|集中供暖,链家,2天前维护,3200
青岛,整租·水寨花园北院 3室2厅 南,整租,胶州,阜安,水寨花园北院,110.0,3,2,1,南,中,7,精装,,1天前维护,1150
青岛,整租·滨海新村 3室2厅 南/北,整租,黄岛,六中,滨海新村,110.0,3,2,1,南 北,高,7,精装|集中供暖,,,1600
青岛,整租·瑞纳鳌园 3室1厅 南,整租,即墨区,即墨城西,瑞纳鳌园,110.0,3,1,1,南,高,6,精装|集中供暖,,,833
青岛,整租·四流南路 2室0厅 南,整租,市北,闫家山,四流南路,47.81,2,0,1,南,高,6,近地铁|集中供暖|随时看房,,,1500
青岛,整租·雨润星雨华府北区 4室2厅 复式 南/北,整租,城阳,高新区,雨润星雨华府北区,194.32,4,2,3,南 北,低,3,集中供暖|随时看房,,,2300
青岛,整租·荣盛锦绣外滩 4室2厅 南,整租,胶州,上合,荣盛锦绣外滩,141.0,4,2,2,南,低,11,精装|集中供暖|双卫生间,,,1200
青岛,整租·保利海上罗兰 2室2厅 南,整租,黄岛,两河,保利海上罗兰,89.0,2,2,1,南,中,16,近地铁|集中供暖|随时看房,链家,,1000
青岛,整租·锦绣华城一期 4室2厅 复式 南/北,整租,市南,中央CBD,锦绣华城一期,204.43,4,2,2,南 北,高,29,近地铁|精装|集中供暖|双卫生间|随时看房,,今天维护,7000
青岛,整租·海信南岭风情 5室2厅 南/西/北,整租,李沧,十梅庵,海信南岭风情,105.73,5,2,2,南 西 北,高,5,近地铁|精装|集中供暖|双卫生间|随时看房,,,2600
青岛,整租·那鲁湾公寓 2室1厅 南,整租,黄岛,海王路,那鲁湾公寓,148.0,2,1,2,南,中,38,精装|双卫生间,,1天前维护,3800
青岛,整租·那鲁湾公寓 1室1厅 南/西/北,整租,黄岛,海王路,那鲁湾公寓,80.0,1,1,1,南 西 北,高,38,精装|随时看房,,,1850
青岛,整租·江南花园 3室2厅 南/北,整租,即墨区,即墨城西,江南花园,108.0,3,2,1,南 北,高,5,精装|集中供暖,,,875
青岛,整租·天一仁和·珑樾海 3室2厅 南,整租,城阳,女姑,天一仁和·珑樾海,101.0,3,2,1,南,高,18,集中供暖|随时看房,,3天前维护,800
青岛,整租·盛世华章 3室2厅 南/西/北,整租,黄岛,唐岛湾,盛世华章,135.42,3,2,2,南 西 北,高,33,近地铁|精装|集中供暖|双卫生间|随时看房,,1天前维护,2900
青岛,整租·康城小区 2室2厅 南,整租,即墨区,即墨开发区,康城小区,90.0,2,2,1,南,高,6,精装|集中供暖,,,1083
青岛,整租·海信绍兴路66号 2室2厅 南,整租,市北,福安,海信绍兴路66号,90.0,2,2,2,南,低,15,近地铁|精装|集中供暖|双卫生间,链家,,4500
青岛,整租·恒大金沙滩 4室2厅 南/北,整租,黄岛,金沙滩,恒大金沙滩,160.4,4,2,2,南 北,低,21,精装|集中供暖|双卫生间,,2天前维护,4500
青岛,合租·伟业花园 1居室 南卧,合租,黄岛,香江路,伟业花园,30.0,1,1,1,南,高,6,近地铁|集中供暖|押一付一,链家,,600
青岛,整租·浅水湾 3室2厅 复式 南/北,整租,即墨区,即墨和平,浅水湾,298.96,3,2,3,南 北,低,3,精装|集中供暖,,,3600
青岛,整租·泰和郡一二三期 3室0厅 南/北,整租,城阳,东方城东,泰和郡一二三期,123.0,3,0,0,南 北,高,30,集中供暖,,,1800
青岛,整租·盐城路 2室1厅 南/北,整租,市南,湛山,盐城路,61.08,2,1,1,南 北,中,6,近地铁|集中供暖,链家,1天前维护,2800
青岛,整租·海达如意金岸二期东区 3室2厅 南,整租,胶州,上合,海达如意金岸二期东区,120.0,3,2,2,南,中,23,精装|双卫生间,,,1100
青岛,整租·金口一路 5室3厅 复式 南/西/北,整租,市南,文登路,金口一路,104.19,5,3,3,南 西 北,高,4,官方核验|近地铁|集中供暖|随时看房,,5天前维护,5300
青岛,整租·滨海花园 3室2厅 南/北,整租,市南,五四广场,滨海花园,129.85,3,2,2,南 北,高,33,近地铁|精装|集中供暖|双卫生间|随时看房,,1天前维护,6500
青岛,合租·埠西花园 3居室 北卧,合租,市北,同安路,埠西花园,12.0,3,0,1,北,高,7,近地铁|精装|集中供暖|随时看房,,,700
青岛,整租·星光岛杜鹃园 3室1厅 南/北,整租,黄岛,东方影都,星光岛杜鹃园,110.55,3,1,1,南 北,低,34,精装|集中供暖,,1天前维护,1500
青岛,整租·南城陽花苑 2室2厅 南,整租,城阳,流亭,南城陽花苑,89.0,2,2,1,南,高,5,近地铁|精装|集中供暖,,,1600
青岛,整租·市府家属院 3室1厅 南,整租,黄岛,老城区,市府家属院,90.0,3,1,1,南,中,4,精装,,,700
青岛,整租·泰华花园 3室1厅 南/北,整租,黄岛,海王路,泰华花园,90.0,3,1,1,南 北,高,8,集中供暖|随时看房,,2天前维护,800
青岛,整租·海宸雅园 5室2厅 复式 南,整租,黄岛,薛家岛,海宸雅园,197.86,5,2,3,南,高,6,近地铁|集中供暖,,,2400
青岛,整租·都霖美景 3室2厅 南/北,整租,城阳,白云山,都霖美景,159.0,3,2,2,南 北,低,7,精装|集中供暖|双卫生间,链家,3天前维护,3500
青岛,整租·龙山花园 4室2厅 南/北,整租,即墨区,即墨创智新区,龙山花园,116.0,4,2,1,南 北,高,6,精装|集中供暖,,今天维护,799
青岛,整租·西仲路散盘 3室0厅 东/西,整租,市北,北仲,西仲路散盘,60.0,3,0,1,东 西,中,6,近地铁|精装|集中供暖,,,2000
青岛,整租·书苑小区 2室1厅 南/北,整租,莱西,莱西,书苑小区,58.37,2,1,1,南 北,中,7,精装|集中供暖|随时看房,,,750
青岛,整租·南港小区西区 2室1厅 南,整租,黄岛,薛家岛,南港小区西区,75.0,2,1,1,南,高,18,集中供暖,,5天前维护,1400
青岛,整租·百通馨苑四区 2室2厅 南,整租,李沧,下王埠,百通馨苑四区,73.07,2,2,1,南,低,10,官方核验|业主自荐|精装|集中供暖|随时看房,,,1900
青岛,整租·怡和嘉园北区 2室2厅 南,整租,黄岛,薛家岛,怡和嘉园北区,92.27,2,2,1,南,高,16,官方核验|近地铁|集中供暖|随时看房,链家,3天前维护,1500
青岛,整租·鲁商蓝岸国际一期二期 2室1厅 南,整租,黄岛,江山南路,鲁商蓝岸国际一期二期,85.97,2,1,1,南,低,32,近地铁|精装|集中供暖|随时看房,,2天前维护,2000
青岛,整租·华宇新村(黄岛) 3室2厅 南,整租,黄岛,香江路,华宇新村(黄岛),107.0,3,2,1,南,中,6,近地铁|集中供暖|随时看房,,,1300
青岛,整租·奥园翰林名苑 2室2厅 跃层 南,整租,黄岛,香江路,奥园翰林名苑,45.62,2,2,2,南,中,19,近地铁|精装|双卫生间,,,2600
青岛,整租·滨河新村 2室2厅 南/北,整租,莱西,莱西,滨河新村,88.0,2,2,1,南 北,低,7,精装|集中供暖,,,850
青岛,整租·东方至尊 3室2厅 南,整租,黄岛,海王路,东方至尊,137.0,3,2,2,南,高,43,精装|集中供暖|双卫生间,,,2600
青岛,合租·裕龙科技公寓 5居室 南卧,合租,崂山,崂山CBD,裕龙科技公寓,18.0,5,1,2,南,中,6,近地铁|集中供暖,,,1200
青岛,整租·中南金石国际广场 1室1厅 北,整租,黄岛,唐岛湾,中南金石国际广场,60.0,1,1,1,北,高,37,官方核验|近地铁|精装|随时看房,,3天前维护,1800
青岛,整租·鲁商蓝岸丽舍曦园B6 1室1厅 南,整租,崂山,午山,鲁商蓝岸丽舍曦园B6,77.76,1,1,1,南,低,10,官方核验|精装|集中供暖,链家,5天前维护,3000
青岛,整租·凭海临风五期锦苑 4室2厅 南,整租,黄岛,两河,凭海临风五期锦苑,170.08,4,2,3,南,低,4,近地铁,,,1000
青岛,整租·蓝山湾二期 3室2厅 南/北,整租,李沧,十梅庵,蓝山湾二期,107.0,3,2,1,南 北,高,18,官方核验|精装|集中供暖|随时看房,,,2500
青岛,整租·小北曲269-C 1室1厅 南/北,整租,城阳,家佳源,小北曲269-C,67.0,1,1,1,南 北,高,7,集中供暖,,2天前维护,700
青岛,整租·南港小区西区 2室1厅 南,整租,黄岛,薛家岛,南港小区西区,82.12,2,1,1,南,低,7,官方核验|集中供暖|随时看房,,5天前维护,1300
青岛,整租·顺德居 2室1厅 东南,整租,城阳,城阳实验二小,顺德居,40.57,2,1,1,东南,高,6,精装|集中供暖|随时看房,,,600
青岛,整租·重庆南路51号 2室0厅 南,整租,市北,四方实验小区,重庆南路51号,58.0,2,0,1,南,中,7,集中供暖,链家,4天前维护,1500
青岛,整租·鲁信长春花园 2室2厅 南/北,整租,崂山,国信体育场,鲁信长春花园,141.0,2,2,2,南 北,高,20,精装|集中供暖|双卫生间,,2天前维护,4167
青岛,整租·裕丰小区 2室1厅 南/北,整租,李沧,下王埠,裕丰小区,73.0,2,1,1,南 北,高,7,近地铁|精装|集中供暖|随时看房,链家,,1400
青岛,整租·文信大厦 1室1厅 南,整租,即墨区,即墨蓝谷,文信大厦,50.0,1,1,1,南,中,5,近地铁|精装,,,800
青岛,整租·瑞源名嘉汇 3室2厅 南/北,整租,黄岛,唐岛湾,瑞源名嘉汇,142.68,3,2,2,南 北,高,29,近地铁|精装|集中供暖|双卫生间,,2天前维护,5300
青岛,整租·海情御园 1室1厅 南,整租,市北,万科广场,海情御园,64.0,1,1,1,南,中,18,近地铁|精装|集中供暖,,今天维护,2100
青岛,整租·南山海悦 1室1厅 南/北,整租,即墨区,即墨蓝谷,南山海悦,55.0,1,1,1,南 北,低,21,精装|集中供暖,,,500
青岛,整租·云霄路 2室0厅 南,整租,市南,闽江路,云霄路,48.8,2,0,1,南,高,7,近地铁|集中供暖|随时看房,,,2000
青岛,整租·颐中高山 1室1厅 北,整租,市南,天山银海,颐中高山,49.53,1,1,1,北,中,18,精装|集中供暖|随时看房,链家,4天前维护,1800
青岛,整租·马山新城 2室2厅 南,整租,即墨区,即墨城西,马山新城,92.0,2,2,1,南,中,6,精装|集中供暖,,2天前维护,1400
青岛,整租·香缇树 2室1厅 南/北,整租,市北,福安,香缇树,91.99,2,1,1,南 北,低,33,官方核验|近地铁|精装|集中供暖|随时看房,,,3200
青岛,整租·龙湖光年一期 3室2厅 南/北,整租,黄岛,红石崖,龙湖光年一期,118.84,3,2,2,南 北,高,18,官方核验|近地铁|精装|集中供暖|双卫生间|随时看房,,3天前维护,2300
青岛,整租·海尔翡翠云城云锦 3室2厅 南/北,整租,崂山,张村,海尔翡翠云城云锦,137.71,3,2,2,南 北,低,11,近地铁|精装|集中供暖|双卫生间|随时看房,链家,今天维护,5500
青岛,整租·西发融信缦山兰庭二期 3室1厅 南,整租,黄岛,两河,西发融信缦山兰庭二期,124.0,3,1,2,南,低,17,集中供暖|双卫生间,链家,5天前维护,1000
青岛,整租·坊子街东区 1室1厅 南,整租,即墨区,即墨古城,坊子街东区,67.5,1,1,1,南,中,30,精装|集中供暖,,3天前维护,1200
青岛,整租·锦都家园 2室2厅 南,整租,黄岛,薛家岛,锦都家园,89.89,2,2,1,南,中,24,近地铁|精装|集中供暖,,2天前维护,1850
青岛,整租·青特星城 1室0厅 南,整租,市北,河西,青特星城,49.53,1,0,1,南,高,15,近地铁|精装|集中供暖,,4天前维护,2200
青岛,整租·山水嘉园 2室1厅 南/北,整租,胶州,中云,山水嘉园,80.0,2,1,1,南 北,中,8,精装|集中供暖,,,650
青岛,整租·鲁信长春花园 2室1厅 南,整租,崂山,国信体育场,鲁信长春花园,107.0,2,1,1,南,高,20,精装|集中供暖,,2天前维护,4000
青岛,整租·三盛国际海岸 3室2厅 南,整租,即墨区,即墨蓝谷,三盛国际海岸,120.0,3,2,2,南,高,30,精装|集中供暖|双卫生间|随时看房,,,800
青岛,整租·尚品居 3室2厅 南,整租,黄岛,安子片区,尚品居,88.64,3,2,1,南,低,33,官方核验|近地铁|精装|随时看房,,1天前维护,1600
青岛,整租·学府苑 2室1厅 东/西,整租,市北,理工大学,学府苑,78.6,2,1,1,东 西,中,7,近地铁|集中供暖,,4天前维护,2000
青岛,整租·龙湖悠山郡一期 1室1厅 南,整租,城阳,白云山,龙湖悠山郡一期,64.53,1,1,1,南,中,9,精装|集中供暖,,5天前维护,1300
青岛,整租·怡和嘉园北区 2室2厅 南,整租,黄岛,薛家岛,怡和嘉园北区,84.39,2,2,1,南,中,24,近地铁|集中供暖|随时看房,,,1600
青岛,整租·乐清路 2室1厅 南/北,整租,市南,田家花园,乐清路,69.0,2,1,1,南 北,中,7,近地铁|精装|集中供暖,,,2500
青岛,整租·国信溪地美岸云溪府 3室2厅 南/北,整租,城阳,,国信溪地美岸云溪府,141.14,3,2,2,南 北,低,11,近地铁|精装|集中供暖|双卫生间|随时看房,,,3000
青岛,整租·新海园米罗湾 2室2厅 南,整租,李沧,老鸦岭,新海园米罗湾,85.0,2,2,1,南,低,11,精装|集中供暖|随时看房,,2天前维护,2000
青岛,整租·丰华园 2室2厅 南/北,整租,市南,田家花园,丰华园,104.51,2,2,1,南 北,低,5,精装|集中供暖,,1天前维护,6250
青岛,整租·民和家园 2室1厅 南,整租,即墨区,即墨城西,民和家园,86.0,2,1,1,南,高,6,精装|集中供暖,,,750
青岛,整租·海景绿洲 2室2厅 南,整租,黄岛,世纪大道,海景绿洲,96.78,2,2,1,南,低,29,精装|集中供暖,,,1000
青岛,整租·东仲花园 2室0厅 南,整租,市北,北仲,东仲花园,56.5,2,0,1,南,中,7,近地铁|精装|集中供暖|随时看房,,2天前维护,2200
青岛,整租·达利广场 1室1厅 南,整租,黄岛,香江路,达利广场,58.94,1,1,1,南,低,24,近地铁|精装|集中供暖|随时看房,链家,,1550
青岛,整租·东大洋社区A区 2室2厅 南,整租,城阳,红岛综合片区,东大洋社区A区,80.0,2,2,1,南,高,15,近地铁|精装|集中供暖|随时看房,,,1250
青岛,整租·金色家园 3室2厅 南,整租,胶州,新城区,金色家园,116.0,3,2,1,南,高,14,精装|集中供暖,,4天前维护,1400
青岛,整租·芙蓉苑(黄岛) 3室1厅 南,整租,黄岛,辛安,芙蓉苑(黄岛),108.0,3,1,1,南,低,4,集中供暖,,,1600
青岛,整租·青海路 2室1厅 南/北,整租,市北,信息城,青海路,58.8,2,1,1,南 北,高,6,近地铁|随时看房,,,1200
青岛,整租·青年小区 3室1厅 南,整租,平度,东阁街道,青年小区,83.0,3,1,1,南,中,6,精装|集中供暖|随时看房,,5天前维护,1100
青岛,整租·东旺疃社区 2室1厅 南,整租,城阳,白云山,东旺疃社区,90.0,2,1,1,南,低,7,精装|集中供暖,,,833
青岛,整租·印刷厂住宅小区 4室1厅 南/北,整租,胶州,阜安,印刷厂住宅小区,140.0,4,1,1,南 北,中,4,,,,800
青岛,整租·华宇新村(黄岛) 2室1厅 南/北,整租,黄岛,香江路,华宇新村(黄岛),80.0,2,1,1,南 北,高,6,近地铁|精装|集中供暖,,,1500
青岛,整租·高家台周家夼社区 3室1厅 南,整租,黄岛,江山南路,高家台周家夼社区,80.0,3,1,1,南,中,26,新上|近地铁|精装|集中供暖,,4天前维护,2000
青岛,整租·店子社区 3室1厅 南,整租,即墨区,即墨城西,店子社区,103.0,3,1,1,南,高,22,新上|精装|集中供暖,,4天前维护,1083
青岛,整租·北仲二路 2室1厅 西南,整租,市北,北仲,北仲二路,58.6,2,1,1,西南,高,8,官方核验|新上|精装|集中供暖,,3天前维护,2100
青岛,整租·港澳新城 2室2厅 南,整租,市北,海泊河,港澳新城,82.24,2,2,1,南,高,6,官方核验|新上|近地铁|集中供暖|随时看房,,今天维护,1550
青岛,整租·文体大厦 1室1厅 南,整租,黄岛,老城区,文体大厦,41.56,1,1,1,南,中,20,新上|精装|集中供暖,,3天前维护,1000
青岛,整租·明泽智域 1室1厅 北,整租,市北,新都心,明泽智域,35.0,1,1,1,北,高,5,官方核验|新上|近地铁|精装|集中供暖|随时看房,,3天前维护,2000
青岛,整租·海信缤纷都市 1室0厅 西,整租,市北,新都心,海信缤纷都市,57.1,1,0,1,西,中,8,官方核验|新上|近地铁|集中供暖,,3天前维护,1600
青岛,整租·福瀛印象梧桐 3室1厅 南,整租,黄岛,薛家岛,福瀛印象梧桐,140.0,3,1,2,南,中,6,新上|近地铁|精装|集中供暖|双卫生间,链家,1天前维护,3400
青岛,整租·薛家岛社区B区 2室1厅 南,整租,黄岛,薛家岛,薛家岛社区B区,89.0,2,1,1,南,中,7,新上|近地铁|集中供暖,,3天前维护,1600
青岛,整租·和达·可园 3室1厅 南/北,整租,黄岛,临港工业区,和达·可园,102.63,3,1,1,南 北,低,18,官方核验|新上|集中供暖,链家,3天前维护,500
青岛,整租·张宝湾社区 2室1厅 南,整租,黄岛,香江路,张宝湾社区,71.0,2,1,1,南,低,6,新上|集中供暖,,4天前维护,1300
青岛,整租·锦都家园 2室1厅 南,整租,黄岛,薛家岛,锦都家园,93.45,2,1,1,南,高,29,新上|近地铁|精装|集中供暖,,4天前维护,1900
青岛,整租·瑞丰商务公馆 1室1厅 南/北,整租,黄岛,六中,瑞丰商务公馆,45.0,1,1,1,南 北,中,17,新上|近地铁|精装|集中供暖|随时看房,,4天前维护,1400
青岛,整租·中航绿城理想城百合花园 3室2厅 南,整租,即墨区,即墨创智新区,中航绿城理想城百合花园,127.0,3,2,2,南,高,11,新上|精装|集中供暖|双卫生间,,4天前维护,1300
青岛,整租·普吉新区 2室1厅 南,整租,市北,大港小港,普吉新区,86.5,2,1,1,南,高,31,新上|近地铁|精装|集中供暖,,2天前维护,2800
青岛,整租·裕东新府 2室1厅 南,整租,即墨区,即墨创智新区,裕东新府,90.0,2,1,1,南,中,15,新上|精装|集中供暖,,今天维护,1250
青岛,整租·三木家天下文澜府 4室2厅 南,整租,胶州,上合,三木家天下文澜府,143.0,4,2,2,南,低,30,新上|集中供暖|双卫生间|随时看房,,4天前维护,1300
青岛,整租·上王埠花园 2室1厅 南/北,整租,李沧,下王埠,上王埠花园,83.18,2,1,1,南 北,高,6,官方核验|新上|精装|集中供暖,,1天前维护,1600
青岛,整租·中海国际河南社区 1室1厅 南,整租,李沧,枣儿山,中海国际河南社区,60.0,1,1,1,南,中,34,新上|近地铁|精装|集中供暖,,今天维护,1900
青岛,整租·罗浮观海 2室1厅 南,整租,黄岛,金沙滩,罗浮观海,84.0,2,1,1,南,中,25,新上|精装|集中供暖|随时看房,,4天前维护,1800
青岛,整租·镇江南路 2室1厅 南,整租,市南,湛山,镇江南路,57.0,2,1,1,南,中,6,新上|近地铁|精装|集中供暖,,1天前维护,2550
青岛,整租·福都花园 2室1厅 南,整租,黄岛,老城区,福都花园,90.0,2,1,1,南,中,6,新上|集中供暖,,3天前维护,900
青岛,整租·天泰城韩国城 3室2厅 南/北,整租,城阳,东方城西,天泰城韩国城,134.0,3,2,2,南 北,中,11,新上|精装|双卫生间,,3天前维护,1900
青岛,整租·黑卓碧桂园美筑 3室2厅 南/北,整租,黄岛,世纪大道,黑卓碧桂园美筑,116.0,3,2,2,南 北,中,29,新上|近地铁|精装|双卫生间,,4天前维护,1600
青岛,整租·世茂璀璨天城 3室2厅 南/北,整租,城阳,高新区,世茂璀璨天城,110.18,3,2,2,南 北,低,20,新上|精装|集中供暖|双卫生间,,4天前维护,1900
青岛,整租·隆海海之韵四期 3室2厅 南/北,整租,黄岛,世纪大道,隆海海之韵四期,126.71,3,2,2,南 北,中,6,新上|精装|双卫生间,,3天前维护,1300
青岛,整租·名城府邸 3室2厅 南,整租,胶州,北关,名城府邸,117.0,3,2,1,南,高,18,新上|精装,,4天前维护,1500
青岛,整租·唐岛湾B组团 3室2厅 南/北,整租,黄岛,唐岛湾,唐岛湾B组团,112.0,3,2,1,南 北,高,7,新上|近地铁|集中供暖,,4天前维护,2100
青岛,整租·鑫江拉菲庄园 2室2厅 南,整租,城阳,东方城西,鑫江拉菲庄园,95.0,2,2,1,南,中,8,新上|集中供暖,链家,4天前维护,800
青岛,整租·福莱社区二期 1室1厅 南,整租,黄岛,红石崖,福莱社区二期,64.36,1,1,1,南,高,19,官方核验|新上|近地铁|精装|集中供暖|随时看房,,1天前维护,1400
青岛,整租·世茂悦海 1室1厅 南,整租,黄岛,海王路,世茂悦海,43.0,1,1,1,南,低,30,新上|精装|集中供暖,,1天前维护,1100
青岛,整租·万科国家广告产业园 1室1厅 南,整租,城阳,世纪宝龙,万科国家广告产业园,268.0,1,1,1,南,低,7,新上|精装|集中供暖,,3天前维护,6666
青岛,整租·旭辉银盛泰星悦城 2室2厅 南/北,整租,黄岛,海西路,旭辉银盛泰星悦城,89.0,2,2,1,南 北,高,9,新上|精装,,3天前维护,1100
青岛,整租·卓亭广场 1室1厅 南,整租,黄岛,保税区,卓亭广场,71.28,1,1,1,南,中,32,新上|集中供暖,,4天前维护,1600
青岛,整租·世贸商都 3室1厅 南/北,整租,即墨区,即墨和平,世贸商都,99.96,3,1,1,南 北,中,26,新上|精装|集中供暖,,1天前维护,1250
青岛,整租·大连路 2室1厅 西南,整租,市北,信息城,大连路,66.52,2,1,1,西南,高,6,新上|近地铁|集中供暖|随时看房,,1天前维护,1500
青岛,整租·恒山路散盘 1室0厅 东,整租,市南,大学路,恒山路散盘,28.84,1,0,1,东,低,2,新上|近地铁|精装|集中供暖|随时看房,,3天前维护,1000
青岛,整租·福莱社区 3室1厅 南/北,整租,黄岛,红石崖,福莱社区,101.99,3,1,1,南 北,中,6,新上|近地铁|精装|集中供暖|随时看房,,3天前维护,2000
青岛,整租·信号山路 3室2厅 南,整租,市南,大学路,信号山路,80.0,3,2,1,南,低,1,新上|近地铁|精装|集中供暖,,2天前维护,3200
青岛,整租·兴电小区 2室1厅 南/北,整租,市北,海云庵,兴电小区,60.0,2,1,1,南 北,高,7,新上|集中供暖,,3天前维护,1500
青岛,整租·正阳悦府 2室1厅 南/北,整租,城阳,河套,正阳悦府,74.87,2,1,1,南 北,中,6,新上|近地铁|精装|集中供暖,链家,3天前维护,1200
青岛,整租·国际贸易中心 2室2厅 西北,整租,黄岛,唐岛湾,国际贸易中心,123.77,2,2,2,西北,中,44,新上|近地铁|精装|集中供暖|双卫生间,,3天前维护,2500
青岛,合租·北村新苑 4居室 东卧,合租,崂山,北村,北村新苑,15.0,4,1,1,东,低,18,新上|集中供暖,链家,3天前维护,900
青岛,整租·肥城路 1室1厅 南,整租,市南,中山路,肥城路,40.0,1,1,1,南,中,7,新上|近地铁|精装|集中供暖,,3天前维护,1600
青岛,整租·泰和锦城B区 2室2厅 南,整租,崂山,张村,泰和锦城B区,80.0,2,2,1,南,低,18,新上|近地铁|精装,,3天前维护,2500
青岛,整租·融创维多利亚湾 2室1厅 南/北,整租,黄岛,黄岛港,融创维多利亚湾,102.64,2,1,1,南 北,中,30,官方核验|新上|集中供暖,链家,今天维护,800
青岛,整租·南港小区东区 2室2厅 南/北,整租,黄岛,薛家岛,南港小区东区,84.0,2,2,1,南 北,低,16,新上|精装|集中供暖,,3天前维护,1500
青岛,整租·东方时尚中心·尚合 1室1厅 南/北,整租,黄岛,大珠山,东方时尚中心·尚合,49.77,1,1,1,南 北,中,8,官方核验|新上|精装|集中供暖,,3天前维护,1200
青岛,整租·中铁世博城阅里 3室2厅 南/北,整租,黄岛,世纪大道,中铁世博城阅里,110.0,3,2,2,南 北,低,6,新上|精装|集中供暖|双卫生间,,3天前维护,800
青岛,整租·星光之城 2室1厅 南,整租,城阳,家佳源,星光之城,75.0,2,1,1,南,中,17,新上|精装|集中供暖,,3天前维护,1750
青岛,整租·玫瑰庄园 2室1厅 南,整租,黄岛,隐珠,玫瑰庄园,94.0,2,1,1,南,中,6,官方核验|新上|近地铁|精装|集中供暖,,3天前维护,1400
青岛,整租·东李花园 2室1厅 南/北,整租,李沧,李沧万达,东李花园,78.0,2,1,1,南 北,中,7,新上|精装|集中供暖,,2天前维护,2000
青岛,整租·世茂公园美地 3室2厅 南,整租,城阳,高新区,世茂公园美地,131.0,3,2,1,南,低,24,新上|精装|集中供暖,,3天前维护,1800
青岛,整租·悦澜诚品 2室2厅 南,整租,市北,中央CBD,悦澜诚品,88.0,2,2,1,南,中,21,新上|近地铁|精装|集中供暖,,3天前维护,3800
青岛,整租·东韩社区 1室1厅 南,整租,崂山,东韩,东韩社区,61.0,1,1,1,南,低,18,新上|近地铁|集中供暖,,3天前维护,2333
青岛,整租·兴宁路小区 2室0厅 南/北,整租,李沧,沧口公园,兴宁路小区,59.44,2,0,1,南 北,高,7,新上|集中供暖|押一付一,,3天前维护,950
青岛,整租·西海景苑 3室2厅 南/北,整租,黄岛,安子片区,西海景苑,147.89,3,2,2,南 北,高,30,新上|近地铁|精装|集中供暖|双卫生间,,3天前维护,2400
青岛,整租·领秀珊瑚湾尚院 3室2厅 南,整租,城阳,高新区,领秀珊瑚湾尚院,98.0,3,2,1,南,高,27,新上|精装|集中供暖,,3天前维护,1900
青岛,整租·东都花园东区 2室1厅 南,整租,胶州,北关,东都花园东区,90.0,2,1,1,南,低,7,新上|精装|集中供暖,,3天前维护,1000
青岛,整租·北仲路 2室1厅 南/北,整租,市北,北仲,北仲路,76.49,2,1,1,南 北,中,7,官方核验|新上|近地铁|精装|集中供暖,,1天前维护,2200
青岛,整租·东宝花苑小区 2室2厅 南/北,整租,黄岛,江山南路,东宝花苑小区,101.41,2,2,1,南 北,高,7,近地铁|精装|集中供暖,,,1500
青岛,整租·贝多芬公馆 3室1厅 南,整租,黄岛,海王路,贝多芬公馆,90.0,3,1,1,南,中,17,精装|集中供暖|随时看房,,,1000
青岛,整租·江山路西小区南区 2室1厅 南/北,整租,黄岛,香江路,江山路西小区南区,70.34,2,1,1,南 北,高,6,官方核验|近地铁|精装|集中供暖|随时看房,,1天前维护,1450
青岛,整租·船院公寓 3室1厅 南,整租,市南,八大湖,船院公寓,107.37,3,1,1,南,低,23,官方核验|近地铁|精装|集中供暖,,,3700
青岛,整租·海都汇府 2室1厅 南/北,整租,城阳,白云山,海都汇府,82.0,2,1,1,南 北,低,18,精装|集中供暖|随时看房,,,1900
青岛,整租·敦化路（海泊区） 2室1厅 南/北,整租,市北,海泊河,敦化路（海泊区）,57.07,2,1,1,南 北,中,7,近地铁|集中供暖|随时看房,,3天前维护,1700
青岛,整租·官厅前海园 2室2厅 南,整租,黄岛,金沙滩,官厅前海园,89.69,2,2,1,南,低,22,精装|集中供暖|随时看房,,,1600
青岛,整租·中海国际社区一里城 2室1厅 南,整租,李沧,河南,中海国际社区一里城,91.0,2,1,1,南,中,32,近地铁|集中供暖|随时看房,链家,今天维护,2300
青岛,整租·兰东社区 3室2厅 南/北,整租,黄岛,薛家岛,兰东社区,85.0,3,2,1,南 北,低,6,近地铁|精装|集中供暖|随时看房,,,1600
青岛,整租·西旺疃北区 2室1厅 南,整租,城阳,白云山,西旺疃北区,80.0,2,1,1,南,高,12,精装,,2天前维护,1833
青岛,整租·凯琻中心 1室1厅 北,整租,即墨区,即墨城西,凯琻中心,48.0,1,1,1,北,高,11,精装|集中供暖|随时看房,,2天前维护,1000
青岛,整租·月亮湾 4室2厅 南,整租,黄岛,石油大学,月亮湾,187.67,4,2,2,南,中,15,近地铁|集中供暖|双卫生间|随时看房,链家,,2200
青岛,整租·万科城市之光二三期 3室1厅 南/北,整租,黄岛,辛安,万科城市之光二三期,88.06,3,1,1,南 北,中,18,近地铁|精装|集中供暖|随时看房,,,1650
青岛,整租·鸿泰锦园 3室2厅 南/北,整租,市北,万科广场,鸿泰锦园,101.0,3,2,1,南 北,高,22,官方核验|近地铁|精装|集中供暖|随时看房,链家,,2999
青岛,整租·西旺疃北区 3室1厅 南,整租,城阳,白云山,西旺疃北区,100.0,3,1,1,南,高,12,精装,,4天前维护,1700
青岛,整租·万科城国际公园 2室2厅 南/北,整租,市北,新都心,万科城国际公园,87.89,2,2,1,南 北,中,28,精装|集中供暖,链家,,4200
青岛,整租·万科金色城品 3室2厅 南/北,整租,市北,新都心,万科金色城品,90.25,3,2,1,南 北,中,18,精装|集中供暖|随时看房,,,3000
青岛,整租·金鹤街 3室1厅 南/北,整租,即墨区,即墨开发区,金鹤街,128.0,3,1,1,南 北,低,2,随时看房,,,917
青岛,整租·名都苑 3室2厅 复式 南/北,整租,即墨区,即墨开发区,名都苑,188.48,3,2,2,南 北,低,5,精装|集中供暖|双卫生间|随时看房,,今天维护,2500
青岛,合租·毛公地社区 3居室 北卧,合租,李沧,世园会,毛公地社区,15.0,3,1,1,北,高,6,集中供暖|随时看房,,,700
青岛,整租·茂源花园东区 3室2厅 南/北,整租,城阳,家佳源,茂源花园东区,101.0,3,2,1,南 北,中,7,精装|集中供暖,链家,,1200
青岛,整租·万科紫台 3室1厅 南,整租,市北,河西,万科紫台,120.0,3,1,1,南,低,23,精装|集中供暖|随时看房,,,4200
青岛,整租·卓越嘉悦 2室2厅 南,整租,城阳,高新区,卓越嘉悦,90.0,2,2,1,南,中,26,精装|集中供暖,,,1700
青岛,整租·创智中粮锦云 3室1厅 南,整租,即墨区,即墨创智新区,创智中粮锦云,110.0,3,1,1,南,中,9,精装|集中供暖|随时看房,,4天前维护,1417
青岛,整租·天林家园 3室1厅 南/西/北,整租,崂山,北村,天林家园,99.41,3,1,1,南 西 北,中,8,集中供暖|随时看房,,3天前维护,2500
青岛,合租·海枫雅居 1居室 南卧,合租,市北,福安,海枫雅居,18.0,1,0,0,南,高,15,近地铁|集中供暖,,,1500
青岛,整租·银盛泰新空间 3室2厅 西南,整租,崂山,汽车东站,银盛泰新空间,40.0,3,2,2,西南,高,16,精装|集中供暖|双卫生间,链家,今天维护,2000
青岛,整租·锦湖苑 3室2厅 错层 南/北,整租,黄岛,天泰,锦湖苑,121.21,3,2,2,南 北,高,6,近地铁|精装|集中供暖|双卫生间|随时看房,,3天前维护,2066
青岛,整租·胶州碧桂园湖悦天境 3室2厅 南,整租,胶州,上合,胶州碧桂园湖悦天境,115.0,3,2,2,南,中,31,精装|双卫生间,,1天前维护,1200
青岛,整租·蔚蓝群岛四期 3室2厅 南,整租,城阳,女姑,蔚蓝群岛四期,86.46,3,2,1,南,低,20,精装|集中供暖,,2天前维护,3600
青岛,整租·中欧金茂悦三期 1室1厅 东,整租,城阳,高新区,中欧金茂悦三期,41.57,1,1,1,东,中,7,官方核验|精装|集中供暖,,5天前维护,1400
青岛,整租·北岸雅居 3室2厅 南/北,整租,城阳,东方城西,北岸雅居,95.0,3,2,1,南 北,低,18,近地铁|精装,,2天前维护,2300
青岛,整租·金茂悦西六区 3室2厅 南,整租,城阳,高新区,金茂悦西六区,126.67,3,2,2,南,低,32,官方核验|新上|精装|集中供暖|双卫生间,,4天前维护,2600
青岛,整租·南王家上流村 2室1厅 南/北,整租,李沧,世园会,南王家上流村,100.0,2,1,1,南 北,高,6,精装|集中供暖,链家,,1300
青岛,整租·敦化路（海泊区） 2室1厅 南/北,整租,市北,海泊河,敦化路（海泊区）,68.95,2,1,1,南 北,高,6,官方核验|近地铁|精装|集中供暖,,3天前维护,2100
青岛,合租·丽海花园 3居室 南卧,合租,崂山,崂山CBD,丽海花园,72.03,3,1,1,南,中,6,集中供暖|押一付一|随时看房,,今天维护,1280
青岛,整租·融创公馆C 1室1厅 北,整租,黄岛,东方影都,融创公馆C,56.0,1,1,1,北,中,28,近地铁,,5天前维护,1200
青岛,整租·山钢建设凭海临风三期 3室2厅 南,整租,黄岛,两河,山钢建设凭海临风三期,99.29,3,2,1,南,高,32,近地铁|集中供暖,,2天前维护,1300
青岛,整租·鲁信随珠花园 3室2厅 南/北,整租,黄岛,安子片区,鲁信随珠花园,151.66,3,2,2,南 北,中,18,精装|集中供暖|双卫生间,,,4500
青岛,整租·向阳小区B区 3室2厅 南/西北,整租,城阳,家佳源,向阳小区B区,105.0,3,2,1,南 西北,中,18,精装|集中供暖,,,1666
青岛,整租·凯丰·星光荟 1室1厅 南,整租,城阳,高新区,凯丰·星光荟,45.52,1,1,1,南,高,4,官方核验|精装|集中供暖,,2天前维护,1200
青岛,整租·秀兰禧悦山 2室1厅 南/北,整租,黄岛,保税区,秀兰禧悦山,92.0,2,1,1,南 北,高,33,近地铁|精装|集中供暖|随时看房,,,1700
青岛,整租·东方华庭商郡 3室2厅 南/北,整租,黄岛,东方影都,东方华庭商郡,110.41,3,2,1,南 北,低,26,官方核验|业主自荐|近地铁|精装|集中供暖|随时看房,,,2000
青岛,整租·聚仙路 3室1厅 南/北,整租,市北,榉林公园,聚仙路,65.13,3,1,1,南 北,中,7,官方核验|近地铁|集中供暖,,,2300
青岛,整租·天福时代阳光 2室1厅 南/北,整租,市北,福州北路,天福时代阳光,94.04,2,1,1,南 北,低,31,近地铁|集中供暖|随时看房,,5天前维护,2800
青岛,整租·玉金花园 2室1厅 南,整租,市南,新贵都,玉金花园,78.81,2,1,1,南,低,7,官方核验|近地铁|精装|集中供暖|随时看房,,1天前维护,3400
青岛,整租·国际名都 1室1厅 东,整租,崂山,汽车东站,国际名都,68.57,1,1,1,东,低,17,官方核验|近地铁|精装|集中供暖|随时看房,,,2000
青岛,整租·海尔小区 2室1厅 南/西北,整租,市北,海泊河,海尔小区,52.58,2,1,1,南 西北,低,7,官方核验|近地铁|集中供暖|随时看房,,2天前维护,1600
青岛,整租·平安人家 3室1厅 南,整租,莱西,莱西,平安人家,100.0,3,1,1,南,高,6,精装|集中供暖,,5天前维护,1000
青岛,整租·银领国际 1室1厅 南/北,整租,黄岛,唐岛湾,银领国际,75.0,1,1,1,南 北,低,27,近地铁|精装|集中供暖|随时看房,链家,5天前维护,2400
青岛,整租·台西三路 2室0厅 南,整租,市南,西镇,台西三路,58.0,2,0,1,南,高,7,近地铁|集中供暖,,5天前维护,1400
青岛,整租·云霄路 2室0厅 南,整租,市南,闽江路,云霄路,52.37,2,0,1,南,中,7,官方核验|近地铁|精装|集中供暖|随时看房,链家,2天前维护,2300
青岛,整租·登州路（市南） 1室1厅 南,整租,市南,大学路,登州路（市南）,41.0,1,1,1,南,中,6,近地铁|精装|集中供暖,,5天前维护,1700
青岛,合租·华通唐岛七星 3居室 南卧,合租,黄岛,唐岛湾,华通唐岛七星,30.0,3,2,2,南,中,20,官方核验|近地铁|精装|集中供暖,,2天前维护,1900
青岛,整租·华通唐岛七星 1室1厅 南,整租,黄岛,唐岛湾,华通唐岛七星,59.26,1,1,1,南,中,20,官方核验|近地铁|精装|集中供暖,,2天前维护,1700
青岛,整租·融创公馆C 1室1厅 北,整租,黄岛,东方影都,融创公馆C,56.28,1,1,1,北,低,19,官方核验|近地铁|精装|集中供暖|随时看房,链家,2天前维护,750
青岛,整租·西冯家滩 2室1厅 南/北,整租,黄岛,隐珠,西冯家滩,82.73,2,1,1,南 北,低,20,官方核验|集中供暖|随时看房,,,1050
青岛,合租·华通唐岛七星 3居室 西北卧,合租,黄岛,唐岛湾,华通唐岛七星,30.0,3,2,2,西北,中,20,官方核验|近地铁|精装|集中供暖,,2天前维护,1900
青岛,整租·鑫江玫瑰园3期 2室1厅 南/北,整租,城阳,流亭,鑫江玫瑰园3期,89.0,2,1,1,南 北,高,11,精装|集中供暖|随时看房,,4天前维护,1500
青岛,整租·龙湖光年一期 3室1厅 南/北,整租,黄岛,红石崖,龙湖光年一期,89.0,3,1,1,南 北,低,18,近地铁|精装|集中供暖,,3天前维护,2000
青岛,整租·奥园翰林名苑 1室1厅 东/北,整租,黄岛,香江路,奥园翰林名苑,52.36,1,1,1,东 北,低,19,官方核验|近地铁|精装|随时看房,,2天前维护,1200
青岛,整租·顺德居 2室2厅 南,整租,城阳,城阳实验二小,顺德居,110.0,2,2,2,南,中,11,精装|集中供暖|双卫生间|随时看房,,3天前维护,1833
青岛,整租·后桃林 2室2厅 南,整租,城阳,家佳源,后桃林,90.0,2,2,1,南,中,7,精装|集中供暖,,,1200
青岛,整租·汉口路 2室1厅 南/北,整租,市北,海泊河,汉口路,70.0,2,1,1,南 北,高,5,精装|集中供暖|随时看房,,5天前维护,2300
青岛,整租·卓越嘉悦 3室1厅 南,整租,城阳,高新区,卓越嘉悦,89.98,3,1,1,南,低,11,官方核验|集中供暖,,3天前维护,1300
青岛,整租·保利中央公园北区 2室1厅 南,整租,李沧,下王埠,保利中央公园北区,44.73,2,1,1,南,中,18,官方核验|精装|集中供暖|随时看房,,今天维护,2300
青岛,整租·和达中心城 3室2厅 南/北,整租,市北,新都心,和达中心城,116.31,3,2,1,南 北,中,24,官方核验|近地铁|精装|集中供暖|随时看房,,,4200
青岛,整租·金梦花园 1室1厅 南,整租,市南,大尧,金梦花园,35.0,1,1,1,南,,7,精装|集中供暖,,3天前维护,2000
青岛,整租·北海分局宿舍(市北) 3室1厅 南/北,整租,市北,理工大学,北海分局宿舍(市北),125.11,3,1,1,南 北,中,17,官方核验|新上|近地铁|精装|集中供暖,链家,3天前维护,4000
青岛,整租·山东路178号小区 3室0厅 南/北,整租,市北,理工大学,山东路178号小区,73.0,3,0,1,南 北,高,8,近地铁|精装|集中供暖,,5天前维护,1500
青岛,合租·金茂悦·东五区 4居室 北卧,合租,城阳,高新区,金茂悦·东五区,20.0,4,1,2,北,中,18,官方核验|月租|集中供暖|随时看房,,4天前维护,500
青岛,整租·裕丰小区 2室1厅 南/北,整租,李沧,下王埠,裕丰小区,72.31,2,1,1,南 北,高,7,官方核验|近地铁|精装|集中供暖|随时看房,,4天前维护,1450
青岛,整租·水悦城 2室2厅 南/北,整租,城阳,城阳实验二小,水悦城,91.0,2,2,1,南 北,高,11,精装|集中供暖|随时看房,,2天前维护,1750
青岛,整租·玖玺城首府 1室1厅 南,整租,崂山,雕塑园,玖玺城首府,61.67,1,1,1,南,高,33,近地铁|精装|集中供暖|随时看房,,5天前维护,3333
青岛,整租·龙山景苑 3室1厅 南,整租,即墨区,即墨创智新区,龙山景苑,103.0,3,1,1,南,高,6,,,2天前维护,450
青岛,整租·华易春之都 2室1厅 南,整租,李沧,书院路,华易春之都,80.0,2,1,1,南,高,6,集中供暖,,5天前维护,1400
青岛,整租·元顺和苑 2室1厅 南,整租,李沧,书院路,元顺和苑,85.0,2,1,1,南,低,6,近地铁|精装|集中供暖,,,2000
青岛,整租·融创维多利亚湾 3室2厅 南/北,整租,黄岛,黄岛港,融创维多利亚湾,138.0,3,2,2,南 北,中,34,精装|集中供暖|双卫生间,,2天前维护,1500
青岛,整租·金科阳光美镇A区 3室2厅 南/北,整租,城阳,上马,金科阳光美镇A区,100.0,3,2,2,南 北,中,28,集中供暖|双卫生间,,3天前维护,600
青岛,整租·古庙头社区南区 3室1厅 南/北,整租,城阳,农业大学,古庙头社区南区,100.0,3,1,1,南 北,低,7,近地铁|精装|集中供暖,,3天前维护,1400
青岛,整租·太平洋铭座小区 2室1厅 南/西,整租,黄岛,天泰,太平洋铭座小区,72.84,2,1,1,南 西,低,30,官方核验|近地铁|集中供暖,,,1600
青岛,整租·中杰花园西区 2室1厅 南,整租,平度,李园街道,中杰花园西区,81.0,2,1,1,南,低,17,精装|集中供暖,,4天前维护,1200
青岛,整租·中杰花园东区 3室1厅 南,整租,平度,李园街道,中杰花园东区,107.0,3,1,1,南,高,11,精装|集中供暖,,2天前维护,1500
青岛,整租·盛世香江公馆 1室1厅 南,整租,黄岛,香江路,盛世香江公馆,50.0,1,1,1,南,中,23,精装|集中供暖,链家,2天前维护,1500
青岛,整租·江家庄社区 2室1厅 南,整租,城阳,白云山,江家庄社区,70.0,2,1,1,南,中,7,集中供暖,,,1200
青岛,整租·永合鼎泰丰 3室2厅 南,整租,即墨区,即墨城西,永合鼎泰丰,118.0,3,2,1,南,中,11,精装|集中供暖,,2天前维护,1250
青岛,整租·城阳村社区致远民生小区 2室1厅 南,整租,城阳,城阳工业园,城阳村社区致远民生小区,72.0,2,1,1,南,中,8,精装|集中供暖,,今天维护,1200
青岛,整租·安居乐业 2室2厅 南/北,整租,城阳,东方城东,安居乐业,78.4,2,2,1,南 北,中,9,官方核验|精装|随时看房,,,1300
青岛,整租·龙湖昱城四期 3室1厅 南/北,整租,胶州,新城区,龙湖昱城四期,114.0,3,1,1,南 北,低,34,集中供暖,,1天前维护,1300
青岛,整租·安泰居 3室2厅 南/北,整租,城阳,城阳实验二小,安泰居,94.0,3,2,1,南 北,中,6,近地铁|精装|集中供暖,,5天前维护,1666
青岛,整租·实验小区 2室1厅 南,整租,市北,四方实验小区,实验小区,66.83,2,1,1,南,中,7,近地铁|集中供暖,,,1600
青岛,整租·世纪公馆 2室2厅 南/北,整租,市北,河西,世纪公馆,89.0,2,2,1,南 北,中,27,近地铁|精装|集中供暖,,,3700
青岛,整租·东方华庭 1室1厅 北,整租,黄岛,东方影都,东方华庭,55.45,1,1,1,北,低,18,官方核验|近地铁|精装|集中供暖|随时看房,链家,,1300
青岛,整租·华青花园 3室1厅 南/北,整租,市南,奥帆中心,华青花园,120.0,3,1,2,南 北,低,6,近地铁|精装|集中供暖|双卫生间,,2天前维护,4500
青岛,整租·TAHA时区 1室1厅 南,整租,城阳,家佳源,TAHA时区,55.0,1,1,1,南,高,16,精装|集中供暖,,5天前维护,1400
青岛,整租·鲁商蓝岸新城一期 3室2厅 南,整租,城阳,高新区,鲁商蓝岸新城一期,125.0,3,2,1,南,高,33,精装|集中供暖|随时看房,,5天前维护,2200
青岛,整租·南岛小镇高层区 2室2厅 南/北,整租,黄岛,银沙滩,南岛小镇高层区,85.97,2,2,1,南 北,高,30,精装|集中供暖|随时看房,,1天前维护,1500
青岛,整租·鹏丽南华 1室1厅 南/北,整租,崂山,国信体育场,鹏丽南华,43.89,1,1,1,南 北,中,27,近地铁|精装|集中供暖,,今天维护,1900
青岛,整租·东李新苑 3室1厅 南/北,整租,李沧,枣儿山,东李新苑,104.0,3,1,1,南 北,中,7,集中供暖|随时看房,,1天前维护,2200
青岛,整租·金日紫都 2室2厅 南/北,整租,城阳,农业大学,金日紫都,86.41,2,2,1,南 北,中,19,近地铁|精装|集中供暖|随时看房,,,1500
青岛,整租·天一仁和郡 5室2厅 南,整租,即墨区,即墨创智新区,天一仁和郡,216.0,5,2,3,南,低,3,精装,,,6000
青岛,整租·鲁能领寓 1室0厅 南,整租,市南,火车站,鲁能领寓,50.16,1,0,1,南,中,30,官方核验|近地铁|精装|集中供暖|随时看房,,,2250
青岛,整租·崇业大厦 2室1厅 南,整租,黄岛,香江路,崇业大厦,90.87,2,1,1,南,中,17,精装|集中供暖|随时看房,,,1400
青岛,整租·太平洋梦时代广场 1室1厅 南,整租,黄岛,积米崖,太平洋梦时代广场,50.0,1,1,1,南,高,44,近地铁|精装|集中供暖,,,1200
青岛,合租·枣山家园 3居室 南卧,合租,李沧,枣儿山,枣山家园,30.0,3,1,1,南,低,18,官方核验|精装|集中供暖|随时看房,,,1000
青岛,整租·月湖小区 2室2厅 南/北,整租,莱西,莱西,月湖小区,75.0,2,2,1,南 北,中,5,精装|集中供暖,链家,,700
青岛,整租·石雀小筑 4室2厅 复式 南/北,整租,黄岛,金沙滩,石雀小筑,207.28,4,2,3,南 北,中,4,精装|集中供暖,,,10000
青岛,整租·世家花园 2室1厅 南/北,整租,黄岛,香江路,世家花园,60.0,2,1,1,南 北,高,6,近地铁|集中供暖|随时看房,,,1200
青岛,整租·南岛小镇高层区 1室1厅 南,整租,黄岛,银沙滩,南岛小镇高层区,57.69,1,1,1,南,低,30,官方核验|精装|集中供暖|随时看房,,3天前维护,1300
青岛,整租·花样年碧云湾2.2期 3室2厅 南/北,整租,胶州,上合,花样年碧云湾2.2期,120.0,3,2,2,南 北,中,25,精装|双卫生间|随时看房,,4天前维护,700
青岛,整租·邢台路社区 2室1厅 南,整租,李沧,沧口公园,邢台路社区,61.52,2,1,1,南,低,6,官方核验|近地铁|集中供暖|随时看房,,4天前维护,1250
青岛,整租·贵府花园 2室1厅 东/南,整租,黄岛,保税区,贵府花园,86.49,2,1,1,东 南,中,17,近地铁|集中供暖,,1天前维护,900
青岛,整租·宝龙公寓 1室1厅 南,整租,即墨区,即墨古城,宝龙公寓,47.15,1,1,1,南,低,33,精装|集中供暖,,5天前维护,900
青岛,整租·文化家苑 2室1厅 南/北,整租,黄岛,老城区,文化家苑,70.0,2,1,1,南 北,中,17,集中供暖,,2天前维护,600
青岛,整租·金都碧海山庄 3室2厅 南,整租,崂山,雕塑园,金都碧海山庄,148.76,3,2,2,南,高,7,近地铁|精装|集中供暖|双卫生间|随时看房,,,3600
青岛,整租·泽润幸福城 2室2厅 南,整租,黄岛,唐岛湾,泽润幸福城,93.46,2,2,1,南,中,17,近地铁|精装|集中供暖,链家,3天前维护,2600
青岛,合租·桃源居西区 2居室 北卧,合租,城阳,家佳源,桃源居西区,100.43,2,1,1,北,高,10,集中供暖,,,800
青岛,整租·卓越皇后道千山外 3室1厅 南,整租,李沧,世园会,卓越皇后道千山外,89.16,3,1,1,南,中,33,精装|集中供暖,,1天前维护,2500
青岛,整租·翠竹苑 2室1厅 南,整租,城阳,世纪宝龙,翠竹苑,80.0,2,1,1,南,高,6,近地铁|精装,,,1100
青岛,整租·金茂悦星云北区 2室1厅 东南,整租,黄岛,西客站,金茂悦星云北区,89.1,2,1,1,东南,中,29,随时看房,,,900
